year,party_count,speed_limit_kmh,alcohol_indicated,latitude,longitude,built_up_area,cyclists_involved,km_total,bicycle_parking_count,population,population_density_km2,station_id,weather_temp_mean_c,weather_temp_min_c,weather_temp_max_c,weather_precip_mm_total,weather_wind_mean_ms,weather_sunshine_hours_total,weather_humidity_mean_pct,weather_pressure_mean_hpa,weather_desde_estacion,province_Drenthe,province_Flevoland,province_Friesland,province_Gelderland,province_Groningen,province_Limburg,province_Noord-Brabant,province_Noord-Holland,province_Overijssel,province_Utrecht,province_Zeeland,province_Zuid-Holland,accident_type_Dier,accident_type_Eenzijdig,accident_type_Flank,accident_type_Frontaal,accident_type_Geparkeerd voertuig,accident_type_Kop/staart,accident_type_Los voorwerp,accident_type_Onbekend,accident_type_Vast voorwerp,accident_type_Voetganger,weather_label_clear,weather_label_fog,weather_label_rain,weather_label_unknown,periodo_luz_dia,periodo_luz_noche,periodo_luz_otro,road_situation_Bocht,"road_situation_Kruispunt, 3 takken","road_situation_Kruispunt, 4 takken",road_situation_Rechte weg,"road_situation_Rechte weg, gescheiden rijbanen",road_situation_Rotonde,road_situation_Uitvoegstrook op (auto)snelweg,road_lighting_Brandend,road_lighting_Niet aanwezig,road_lighting_Niet brandend,severity_label
2022,2,30.0,False,52.356963,4.9723,False,1,1254.468,2166.0,931298.0,4950.0,0.0,11.579567811643283,7.061761148294492,15.7217384292856,24005.5,4.521670480549199,70887.0,77.74770198355104,1016.9445955210238,False,0,0,0,0,0,0,0,1,0,0,0,0,0,0,0,0,0,0,0,1,0,0,1,0,0,0,1,0,0,1,0,0,0,0,0,0,0,0,1,material damage only
2022,1,30.0,False,52.017266,4.433007,False,1,101.833,60.0,57932.0,1571.0,0.0,11.579567811643283,7.061761148294492,15.7217384292856,24005.5,4.521670480549199,70887.0,77.74770198355104,1016.9445955210238,False,0,0,0,0,0,0,0,0,0,0,0,1,0,1,0,0,0,0,0,0,0,0,0,0,1,0,1,0,0,0,0,0,1,0,0,0,0,0,1,injury
2022,2,50.0,False,52.335803,6.647926,False,1,251.802,48.0,74317.0,1106.0,0.0,11.579567811643283,7.061761148294492,15.7217384292856,24005.5,4.521670480549199,70887.0,77.74770198355104,1016.9445955210238,False,0,0,0,0,0,0,0,0,1,0,0,0,0,0,0,0,0,0,0,1,0,0,0,0,1,0,1,0,0,0,0,1,0,0,0,0,0,0,1,material damage only
2022,2,50.0,False,52.179032,5.299203,False,1,100.115,19.0,47682.0,1031.0,0.0,11.579567811643283,7.061761148294492,15.7217384292856,24005.5,4.521670480549199,70887.0,77.74770198355104,1016.9445955210238,False,0,0,0,0,0,0,0,0,0,1,0,0,0,0,1,0,0,0,0,0,0,0,1,0,0,0,1,0,0,0,0,0,1,0,0,0,0,0,1,material damage only
2022,2,50.0,False,52.334405,4.861796,False,1,1254.468,2166.0,931298.0,4950.0,0.0,11.579567811643283,7.061761148294492,15.7217384292856,24005.5,4.521670480549199,70887.0,77.74770198355104,1016.9445955210238,False,0,0,0,0,0,0,0,1,0,0,0,0,0,0,1,0,0,0,0,0,0,0,1,0,0,0,1,0,0,0,0,0,1,0,0,0,0,0,1,injury
2022,1,15.0,False,52.08148,4.29567,False,1,487.675,651.0,566221.0,6868.0,0.0,11.579567811643283,7.061761148294492,15.7217384292856,24005.5,4.521670480549199,70887.0,77.74770198355104,1016.9445955210238,False,0,0,0,0,0,0,0,0,0,0,0,1,0,1,0,0,0,0,0,0,0,0,0,0,1,0,0,1,0,0,0,0,1,0,0,0,1,0,0,injury
2022,2,50.0,False,51.564176,4.627105,False,1,108.585,69.0,45237.0,818.0,0.0,11.579567811643283,7.061761148294492,15.7217384292856,24005.5,4.521670480549199,70887.0,77.74770198355104,1016.9445955210238,False,0,0,0,0,0,0,1,0,0,0,0,0,0,0,0,0,0,0,1,0,0,0,1,0,0,0,1,0,0,0,0,1,0,0,0,0,0,0,1,material damage only
2022,3,50.0,False,50.896765,5.993809,False,1,132.27,26.0,87461.0,1948.0,0.0,11.579567811643283,7.061761148294492,15.7217384292856,24005.5,4.521670480549199,70887.0,77.74770198355104,1016.9445955210238,False,0,0,0,0,0,1,0,0,0,0,0,0,0,0,0,0,0,0,0,1,0,0,0,0,1,0,0,1,0,0,1,0,0,0,0,0,1,0,0,material damage only
2022,2,15.0,False,51.969933,6.293551,False,1,121.694,73.0,59623.0,754.0,0.0,11.579567811643283,7.061761148294492,15.7217384292856,24005.5,4.521670480549199,70887.0,77.74770198355104,1016.9445955210238,False,0,0,0,1,0,0,0,0,0,0,0,0,0,0,0,1,0,0,0,0,0,0,1,0,0,0,0,1,0,0,1,0,0,0,0,0,1,0,0,material damage only
2022,2,30.0,False,52.339963,5.214432,False,1,1074.57,179.0,226500.0,1753.0,0.0,11.579567811643283,7.061761148294492,15.7217384292856,24005.5,4.521670480549199,70887.0,77.74770198355104,1016.9445955210238,False,0,1,0,0,0,0,0,0,0,0,0,0,0,0,1,0,0,0,0,0,0,0,1,0,0,0,1,0,0,0,1,0,0,0,0,0,0,1,0,material damage only
2022,2,50.0,False,52.029876,5.531786,False,1,182.016,110.0,69440.0,3575.0,0.0,11.579567811643283,7.061761148294492,15.7217384292856,24005.5,4.521670480549199,70887.0,77.74770198355104,1016.9445955210238,False,0,0,0,0,0,0,0,0,0,1,0,0,0,0,0,0,0,0,0,1,0,0,0,0,1,0,0,1,0,0,0,1,0,0,0,0,1,0,0,material damage only
2022,1,50.0,False,52.194745,5.962296,False,1,670.883,172.0,168211.0,495.0,0.0,11.579567811643283,7.061761148294492,15.7217384292856,24005.5,4.521670480549199,70887.0,77.74770198355104,1016.9445955210238,False,0,0,0,1,0,0,0,0,0,0,0,0,0,0,1,0,0,0,0,0,0,0,1,0,0,0,1,0,0,0,0,1,0,0,0,0,0,0,1,material damage only
2022,2,50.0,False,52.442269,6.578332,False,1,267.918,8.0,36264.0,263.0,0.0,11.579567811643283,7.061761148294492,15.7217384292856,24005.5,4.521670480549199,70887.0,77.74770198355104,1016.9445955210238,False,0,0,0,0,0,0,0,0,1,0,0,0,0,0,0,1,0,0,0,0,0,0,1,0,0,0,0,1,0,0,0,0,1,0,0,0,1,0,0,material damage only
2022,2,50.0,False,52.346315,5.614811,False,1,320.465,20.0,49387.0,1269.0,0.0,11.579567811643283,7.061761148294492,15.7217384292856,24005.5,4.521670480549199,70887.0,77.74770198355104,1016.9445955210238,False,0,0,0,1,0,0,0,0,0,0,0,0,0,0,1,0,0,0,0,0,0,0,1,0,0,0,1,0,0,0,0,0,1,0,0,0,0,0,1,material damage only
2022,2,50.0,False,52.148691,4.476885,False,1,139.091,103.0,130108.0,5954.0,0.0,11.579567811643283,7.061761148294492,15.7217384292856,24005.5,4.521670480549199,70887.0,77.74770198355104,1016.9445955210238,False,0,0,0,0,0,0,0,0,0,0,0,1,0,0,1,0,0,0,0,0,0,0,0,0,0,1,1,0,0,0,0,0,0,0,1,0,1,0,0,injury
2022,2,30.0,False,52.013012,4.531244,False,1,176.532,38.0,65594.0,1231.0,0.0,11.579567811643283,7.061761148294492,15.7217384292856,24005.5,4.521670480549199,70887.0,77.74770198355104,1016.9445955210238,False,0,0,0,0,0,0,0,0,0,0,0,1,0,0,1,0,0,0,0,0,0,0,0,1,0,0,1,0,0,0,0,0,1,0,0,0,0,1,0,material damage only
2022,2,60.0,False,51.839191,4.093931,False,1,285.665,84.0,74304.0,610.0,0.0,11.579567811643283,7.061761148294492,15.7217384292856,24005.5,4.521670480549199,70887.0,77.74770198355104,1016.9445955210238,False,0,0,0,0,0,0,0,0,0,0,0,1,0,0,1,0,0,0,0,0,0,0,1,0,0,0,1,0,0,0,0,1,0,0,0,0,0,0,1,injury
2022,2,30.0,False,52.270795,5.243856,False,1,89.329,6.0,12724.0,1149.0,0.0,11.579567811643283,7.061761148294492,15.7217384292856,24005.5,4.521670480549199,70887.0,77.74770198355104,1016.9445955210238,False,0,0,0,0,0,0,0,1,0,0,0,0,0,0,0,0,0,0,0,1,0,0,1,0,0,0,1,0,0,0,0,0,1,0,0,0,0,0,1,material damage only
2022,2,60.0,False,52.359437,4.675952,False,1,656.629,480.0,163128.0,827.0,0.0,11.579567811643283,7.061761148294492,15.7217384292856,24005.5,4.521670480549199,70887.0,77.74770198355104,1016.9445955210238,False,0,0,0,0,0,0,0,1,0,0,0,0,0,0,0,0,1,0,0,0,0,0,1,0,0,0,1,0,0,0,0,0,1,0,0,0,0,0,1,fatal
2022,2,50.0,False,52.372926,4.907408,False,1,1254.468,2166.0,931298.0,4950.0,0.0,11.579567811643283,7.061761148294492,15.7217384292856,24005.5,4.521670480549199,70887.0,77.74770198355104,1016.9445955210238,False,0,0,0,0,0,0,0,1,0,0,0,0,0,0,1,0,0,0,0,0,0,0,0,0,1,0,0,1,0,0,1,0,0,0,0,0,1,0,0,material damage only
2022,2,50.0,False,51.89871,4.544925,False,1,1465.201,1076.0,670610.0,3070.0,0.0,11.579567811643283,7.061761148294492,15.7217384292856,24005.5,4.521670480549199,70887.0,77.74770198355104,1016.9445955210238,False,0,0,0,0,0,0,0,0,0,0,0,1,0,0,1,0,0,0,0,0,0,0,1,0,0,0,1,0,0,0,0,1,0,0,0,0,0,0,1,material damage only
2022,2,50.0,False,51.574788,5.182273,False,1,97.839,14.0,32952.0,411.0,0.0,11.579567811643283,7.061761148294492,15.7217384292856,24005.5,4.521670480549199,70887.0,77.74770198355104,1016.9445955210238,False,0,0,0,0,0,0,1,0,0,0,0,0,0,0,1,0,0,0,0,0,0,0,0,0,1,0,1,0,0,0,0,0,0,0,1,0,0,0,0,injury
2022,2,50.0,False,50.874687,6.006372,False,1,132.27,26.0,87461.0,1948.0,0.0,11.579567811643283,7.061761148294492,15.7217384292856,24005.5,4.521670480549199,70887.0,77.74770198355104,1016.9445955210238,False,0,0,0,0,0,1,0,0,0,0,0,0,0,0,1,0,0,0,0,0,0,0,0,0,1,0,0,1,0,0,0,0,1,0,0,0,0,0,1,material damage only
2022,2,30.0,False,52.225254,5.173409,False,1,455.686,62.0,94435.0,2070.0,0.0,11.579567811643283,7.061761148294492,15.7217384292856,24005.5,4.521670480549199,70887.0,77.74770198355104,1016.9445955210238,False,0,0,0,0,0,0,0,1,0,0,0,0,0,0,0,0,0,0,0,1,0,0,1,0,0,0,1,0,0,0,0,1,0,0,0,0,0,0,1,material damage only
2022,1,50.0,False,52.384684,4.919216,False,1,1254.468,2166.0,931298.0,4950.0,0.0,11.579567811643283,7.061761148294492,15.7217384292856,24005.5,4.521670480549199,70887.0,77.74770198355104,1016.9445955210238,False,0,0,0,0,0,0,0,1,0,0,0,0,0,1,0,0,0,0,0,0,0,0,1,0,0,0,0,1,0,0,0,0,1,0,0,0,1,0,0,injury
2022,2,50.0,False,51.007233,5.887034,False,1,187.886,13.0,92650.0,1179.0,0.0,11.579567811643283,7.061761148294492,15.7217384292856,24005.5,4.521670480549199,70887.0,77.74770198355104,1016.9445955210238,False,0,0,0,0,0,1,0,0,0,0,0,0,0,0,1,0,0,0,0,0,0,0,1,0,0,0,1,0,0,0,0,0,0,0,1,0,0,0,1,material damage only
2022,2,30.0,False,52.634245,4.73538,False,1,167.479,24.0,112304.0,1018.0,0.0,11.579567811643283,7.061761148294492,15.7217384292856,24005.5,4.521670480549199,70887.0,77.74770198355104,1016.9445955210238,False,0,0,0,0,0,0,0,1,0,0,0,0,0,0,0,0,0,0,0,0,0,1,1,0,0,0,1,0,0,0,0,0,1,0,0,0,0,0,1,material damage only
2022,2,50.0,False,52.382495,4.632157,False,1,161.888,173.0,167636.0,5739.0,0.0,11.579567811643283,7.061761148294492,15.7217384292856,24005.5,4.521670480549199,70887.0,77.74770198355104,1016.9445955210238,False,0,0,0,0,0,0,0,1,0,0,0,0,0,0,1,0,0,0,0,0,0,0,1,0,0,0,1,0,0,0,0,1,0,0,0,0,0,0,1,material damage only
2022,2,50.0,False,52.009411,4.35587,False,1,122.823,280.0,109577.0,4835.0,0.0,11.579567811643283,7.061761148294492,15.7217384292856,24005.5,4.521670480549199,70887.0,77.74770198355104,1016.9445955210238,False,0,0,0,0,0,0,0,0,0,0,0,1,0,0,1,0,0,0,0,0,0,0,1,0,0,0,0,1,0,0,1,0,0,0,0,0,1,0,0,injury
2022,3,50.0,False,51.915017,4.474789,False,1,1465.201,1076.0,670610.0,3070.0,0.0,11.579567811643283,7.061761148294492,15.7217384292856,24005.5,4.521670480549199,70887.0,77.74770198355104,1016.9445955210238,False,0,0,0,0,0,0,0,0,0,0,0,1,0,0,0,0,0,0,0,1,0,0,1,0,0,0,0,1,0,0,0,0,1,0,0,0,1,0,0,material damage only
2022,2,50.0,False,51.192737,6.003109,False,1,110.123,26.0,60743.0,1002.0,0.0,11.579567811643283,7.061761148294492,15.7217384292856,24005.5,4.521670480549199,70887.0,77.74770198355104,1016.9445955210238,False,0,0,0,0,0,1,0,0,0,0,0,0,0,0,1,0,0,0,0,0,0,0,1,0,0,0,1,0,0,0,0,0,0,0,1,0,0,0,1,material damage only
2022,2,50.0,False,52.264727,6.789116,False,1,0.0,0.0,0.0,0.0,0.0,11.579567811643283,7.061761148294492,15.7217384292856,24005.5,4.521670480549199,70887.0,77.74770198355104,1016.9445955210238,False,0,0,0,0,0,0,0,0,1,0,0,0,0,0,0,1,0,0,0,0,0,0,1,0,0,0,1,0,0,0,0,1,0,0,0,0,0,0,1,injury
2022,2,80.0,False,51.492901,3.939594,False,1,42.224,7.0,13009.0,350.0,0.0,11.579567811643283,7.061761148294492,15.7217384292856,24005.5,4.521670480549199,70887.0,77.74770198355104,1016.9445955210238,False,0,0,0,0,0,0,0,0,0,0,1,0,0,0,0,0,0,0,0,1,0,0,1,0,0,0,1,0,0,0,1,0,0,0,0,0,0,0,1,material damage only
2022,2,30.0,False,51.573394,5.041859,False,1,312.985,136.0,229836.0,1826.0,0.0,11.579567811643283,7.061761148294492,15.7217384292856,24005.5,4.521670480549199,70887.0,77.74770198355104,1016.9445955210238,False,0,0,0,0,0,0,1,0,0,0,0,0,0,0,1,0,0,0,0,0,0,0,1,0,0,0,1,0,0,0,0,0,1,0,0,0,0,0,1,material damage only
2022,2,50.0,False,52.864165,4.82722,False,1,349.138,15.0,49522.0,138.0,0.0,11.579567811643283,7.061761148294492,15.7217384292856,24005.5,4.521670480549199,70887.0,77.74770198355104,1016.9445955210238,False,0,0,0,0,0,0,0,1,0,0,0,0,0,0,1,0,0,0,0,0,0,0,1,0,0,0,1,0,0,0,1,0,0,0,0,0,0,0,1,injury
2022,2,50.0,False,52.668229,4.821988,False,1,162.559,6.0,90076.0,1455.0,0.0,11.579567811643283,7.061761148294492,15.7217384292856,24005.5,4.521670480549199,70887.0,77.74770198355104,1016.9445955210238,False,0,0,0,0,0,0,0,1,0,0,0,0,0,0,1,0,0,0,0,0,0,0,1,0,0,0,1,0,0,0,0,0,0,0,0,0,0,0,0,material damage only
2022,2,50.0,False,52.395998,4.942052,False,1,1254.468,2166.0,931298.0,4950.0,0.0,11.579567811643283,7.061761148294492,15.7217384292856,24005.5,4.521670480549199,70887.0,77.74770198355104,1016.9445955210238,False,0,0,0,0,0,0,0,1,0,0,0,0,0,0,0,0,0,0,0,1,0,0,1,0,0,0,0,0,1,0,1,0,0,0,0,0,0,0,1,injury
2022,2,50.0,False,52.063842,4.31213,False,1,487.675,651.0,566221.0,6868.0,0.0,11.579567811643283,7.061761148294492,15.7217384292856,24005.5,4.521670480549199,70887.0,77.74770198355104,1016.9445955210238,False,0,0,0,0,0,0,0,0,0,0,0,1,0,0,1,0,0,0,0,0,0,0,1,0,0,0,1,0,0,0,0,1,0,0,0,0,0,0,1,material damage only
2022,2,50.0,False,52.074387,4.657118,False,1,214.752,17.0,114966.0,913.0,0.0,11.579567811643283,7.061761148294492,15.7217384292856,24005.5,4.521670480549199,70887.0,77.74770198355104,1016.9445955210238,False,0,0,0,0,0,0,0,0,0,0,0,1,0,0,0,0,0,0,0,0,1,0,1,0,0,0,1,0,0,0,0,0,1,0,0,0,0,0,1,injury
2022,1,80.0,False,51.967345,4.456949,False,1,1465.201,1076.0,670610.0,3070.0,0.0,11.579567811643283,7.061761148294492,15.7217384292856,24005.5,4.521670480549199,70887.0,77.74770198355104,1016.9445955210238,False,0,0,0,0,0,0,0,0,0,0,0,1,0,1,0,0,0,0,0,0,0,0,0,0,0,1,1,0,0,0,0,0,0,0,0,0,0,0,0,injury
2022,2,30.0,False,51.914359,4.590508,False,1,72.789,12.0,29626.0,3861.0,0.0,11.579567811643283,7.061761148294492,15.7217384292856,24005.5,4.521670480549199,70887.0,77.74770198355104,1016.9445955210238,False,0,0,0,0,0,0,0,0,0,0,0,1,0,0,1,0,0,0,0,0,0,0,1,0,0,0,0,1,0,0,1,0,0,0,0,0,1,0,0,material damage only
2022,1,50.0,False,52.026173,5.067337,False,1,102.946,83.0,65971.0,2817.0,0.0,11.579567811643283,7.061761148294492,15.7217384292856,24005.5,4.521670480549199,70887.0,77.74770198355104,1016.9445955210238,False,0,0,0,0,0,0,0,0,0,1,0,0,0,1,0,0,0,0,0,0,0,0,1,0,0,0,1,0,0,0,0,0,1,0,0,0,0,0,1,injury
2022,2,50.0,False,52.393641,4.64054,False,1,161.888,173.0,167636.0,5739.0,0.0,11.579567811643283,7.061761148294492,15.7217384292856,24005.5,4.521670480549199,70887.0,77.74770198355104,1016.9445955210238,False,0,0,0,0,0,0,0,1,0,0,0,0,0,0,0,0,0,0,0,1,0,0,1,0,0,0,1,0,0,0,0,0,1,0,0,0,0,0,1,material damage only
2022,4,15.0,False,52.168053,4.709824,False,1,82.211,3.0,29501.0,376.0,0.0,11.579567811643283,7.061761148294492,15.7217384292856,24005.5,4.521670480549199,70887.0,77.74770198355104,1016.9445955210238,False,0,0,0,0,0,0,0,0,0,0,0,1,0,1,0,0,0,0,0,0,0,0,1,0,0,0,1,0,0,0,0,0,1,0,0,0,0,0,1,injury
2022,2,50.0,False,52.064351,4.471733,False,1,191.318,32.0,128434.0,3730.0,0.0,11.579567811643283,7.061761148294492,15.7217384292856,24005.5,4.521670480549199,70887.0,77.74770198355104,1016.9445955210238,False,0,0,0,0,0,0,0,0,0,0,0,1,0,0,1,0,0,0,0,0,0,0,1,0,0,0,0,0,1,0,0,1,0,0,0,0,0,0,1,injury
2024,2,50.0,False,51.901631,4.501537,False,1,1465.201,1076.0,670610.0,3070.0,0.0,11.734972677595628,7.98906300225008,15.34095949855352,32605.3,4.629253254167618,55154.1,82.14263902282224,1014.3126766985865,False,0,0,0,0,0,0,0,0,0,0,0,1,0,0,1,0,0,0,0,0,0,0,1,0,0,0,1,0,0,0,0,1,0,0,0,0,0,0,1,material damage only
2024,2,50.0,False,51.915339,4.347161,False,1,230.962,82.0,76409.0,3270.0,0.0,11.734972677595628,7.98906300225008,15.34095949855352,32605.3,4.629253254167618,55154.1,82.14263902282224,1014.3126766985865,False,0,0,0,0,0,0,0,0,0,0,0,1,0,0,0,0,0,0,0,1,0,0,1,0,0,0,0,1,0,0,0,0,1,0,0,0,1,0,0,injury
2024,2,50.0,False,51.470414,5.551525,False,1,78.48,8.0,24231.0,720.0,0.0,11.734972677595628,7.98906300225008,15.34095949855352,32605.3,4.629253254167618,55154.1,82.14263902282224,1014.3126766985865,False,0,0,0,0,0,0,1,0,0,0,0,0,0,0,0,0,0,0,0,1,0,0,1,0,0,0,1,0,0,0,0,1,0,0,0,0,0,0,1,injury
2024,2,50.0,False,52.048381,4.352955,False,1,487.675,651.0,566221.0,6868.0,0.0,11.734972677595628,7.98906300225008,15.34095949855352,32605.3,4.629253254167618,55154.1,82.14263902282224,1014.3126766985865,False,0,0,0,0,0,0,0,0,0,0,0,1,0,0,1,0,0,0,0,0,0,0,0,0,1,0,0,1,0,0,0,1,0,0,0,0,1,0,0,injury
2024,2,30.0,False,53.186569,5.790185,False,1,288.349,34.0,128810.0,542.0,270.0,11.312568306010927,7.6259562841530055,14.743169398907105,1068.1,4.766666666666667,1751.4,83.46994535519126,1013.6918032786886,True,0,0,1,0,0,0,0,0,0,0,0,0,0,0,0,0,0,0,0,1,0,0,0,0,1,0,1,0,0,0,0,1,0,0,0,0,0,0,1,injury
2024,2,50.0,False,51.77444,5.566657,False,1,450.248,100.0,94634.0,584.0,0.0,11.734972677595628,7.98906300225008,15.34095949855352,32605.3,4.629253254167618,55154.1,82.14263902282224,1014.3126766985865,False,0,0,0,0,0,0,1,0,0,0,0,0,0,0,0,0,0,0,0,1,0,0,1,0,0,0,1,0,0,0,1,0,0,0,0,0,0,0,1,material damage only
2024,1,50.0,False,51.968019,5.684765,False,1,143.664,225.0,42579.0,1400.0,0.0,11.734972677595628,7.98906300225008,15.34095949855352,32605.3,4.629253254167618,55154.1,82.14263902282224,1014.3126766985865,False,0,0,0,1,0,0,0,0,0,0,0,0,0,1,0,0,0,0,0,0,0,0,1,0,0,0,1,0,0,0,0,0,1,0,0,0,0,0,1,material damage only
2024,2,50.0,False,52.044341,5.653006,False,1,605.638,166.0,123532.0,388.0,0.0,11.734972677595628,7.98906300225008,15.34095949855352,32605.3,4.629253254167618,55154.1,82.14263902282224,1014.3126766985865,False,0,0,0,1,0,0,0,0,0,0,0,0,0,0,1,0,0,0,0,0,0,0,1,0,0,0,0,0,1,0,1,0,0,0,0,0,1,0,0,injury
2024,2,30.0,False,52.161196,5.400249,False,1,210.242,139.0,161852.0,2590.0,0.0,11.734972677595628,7.98906300225008,15.34095949855352,32605.3,4.629253254167618,55154.1,82.14263902282224,1014.3126766985865,False,0,0,0,0,0,0,0,0,0,1,0,0,0,0,1,0,0,0,0,0,0,0,1,0,0,0,1,0,0,0,0,1,0,0,0,0,1,0,0,injury
2024,2,50.0,False,52.783171,4.811588,False,1,126.393,17.0,47744.0,284.0,0.0,11.734972677595628,7.98906300225008,15.34095949855352,32605.3,4.629253254167618,55154.1,82.14263902282224,1014.3126766985865,False,0,0,0,0,0,0,0,1,0,0,0,0,0,0,0,0,0,0,0,0,0,1,1,0,0,0,1,0,0,0,0,0,1,0,0,0,1,0,0,injury
2024,2,50.0,False,52.284263,4.94751,False,1,98.453,22.0,14447.0,603.0,0.0,11.734972677595628,7.98906300225008,15.34095949855352,32605.3,4.629253254167618,55154.1,82.14263902282224,1014.3126766985865,False,0,0,0,0,0,0,0,1,0,0,0,0,0,0,1,0,0,0,0,0,0,0,1,0,0,0,1,0,0,0,0,0,1,0,0,0,0,0,1,material damage only
2024,2,50.0,False,52.486552,4.679639,False,1,72.116,5.0,42866.0,2336.0,0.0,11.734972677595628,7.98906300225008,15.34095949855352,32605.3,4.629253254167618,55154.1,82.14263902282224,1014.3126766985865,False,0,0,0,0,0,0,0,1,0,0,0,0,0,0,1,0,0,0,0,0,0,0,1,0,0,0,0,1,0,0,1,0,0,0,0,0,1,0,0,material damage only
2024,2,30.0,False,52.434239,4.636366,False,1,158.382,18.0,69241.0,1538.0,217.0,11.734972677595628,7.98906300225008,15.34095949855352,0.0,7.318683236006267,0.0,82.14263902282224,1014.3126766985865,False,0,0,0,0,0,0,0,1,0,0,0,0,0,0,1,0,0,0,0,0,0,0,1,0,0,0,1,0,0,0,1,0,0,0,0,0,0,0,1,injury
2024,2,50.0,False,52.274356,6.799465,False,1,0.0,0.0,0.0,0.0,0.0,11.734972677595628,7.98906300225008,15.34095949855352,32605.3,4.629253254167618,55154.1,82.14263902282224,1014.3126766985865,False,0,0,0,0,0,0,0,0,1,0,0,0,0,0,1,0,0,0,0,0,0,0,1,0,0,0,1,0,0,0,0,0,1,0,0,0,0,0,1,material damage only
2024,2,50.0,False,52.618439,4.759789,False,1,167.479,24.0,112304.0,1018.0,0.0,11.734972677595628,7.98906300225008,15.34095949855352,32605.3,4.629253254167618,55154.1,82.14263902282224,1014.3126766985865,False,0,0,0,0,0,0,0,1,0,0,0,0,0,0,1,0,0,0,0,0,0,0,1,0,0,0,1,0,0,0,0,0,0,0,1,0,0,0,1,material damage only
2024,2,50.0,False,52.66363,4.814923,False,1,162.559,6.0,90076.0,1455.0,0.0,11.734972677595628,7.98906300225008,15.34095949855352,32605.3,4.629253254167618,55154.1,82.14263902282224,1014.3126766985865,False,0,0,0,0,0,0,0,1,0,0,0,0,0,0,1,0,0,0,0,0,0,0,1,0,0,0,1,0,0,0,0,0,1,0,0,0,0,0,1,material damage only
2024,2,30.0,False,51.971413,4.608018,False,1,111.401,12.0,47843.0,825.0,0.0,11.734972677595628,7.98906300225008,15.34095949855352,32605.3,4.629253254167618,55154.1,82.14263902282224,1014.3126766985865,False,0,0,0,0,0,0,0,0,0,0,0,1,0,0,1,0,0,0,0,0,0,0,1,0,0,0,1,0,0,0,0,1,0,0,0,0,0,0,1,injury
2024,2,30.0,False,51.632444,4.952283,False,1,57.14,0.0,27095.0,927.0,0.0,11.734972677595628,7.98906300225008,15.34095949855352,32605.3,4.629253254167618,55154.1,82.14263902282224,1014.3126766985865,False,0,0,0,0,0,0,1,0,0,0,0,0,0,0,1,0,0,0,0,0,0,0,1,0,0,0,1,0,0,0,0,1,0,0,0,0,0,0,1,injury
2024,2,50.0,False,51.923675,4.346094,False,1,230.962,82.0,76409.0,3270.0,0.0,11.734972677595628,7.98906300225008,15.34095949855352,32605.3,4.629253254167618,55154.1,82.14263902282224,1014.3126766985865,False,0,0,0,0,0,0,0,0,0,0,0,1,0,0,1,0,0,0,0,0,0,0,1,0,0,0,1,0,0,0,0,1,0,0,0,0,0,0,1,injury
2024,2,50.0,False,52.127011,4.658825,False,1,214.752,17.0,114966.0,913.0,0.0,11.734972677595628,7.98906300225008,15.34095949855352,32605.3,4.629253254167618,55154.1,82.14263902282224,1014.3126766985865,False,0,0,0,0,0,0,0,0,0,0,0,1,0,0,1,0,0,0,0,0,0,0,1,0,0,0,1,0,0,0,0,0,0,0,1,0,0,0,1,material damage only
2024,2,50.0,False,51.953219,5.89588,False,1,335.747,67.0,167632.0,1715.0,0.0,11.734972677595628,7.98906300225008,15.34095949855352,32605.3,4.629253254167618,55154.1,82.14263902282224,1014.3126766985865,False,0,0,0,1,0,0,0,0,0,0,0,0,0,0,0,0,0,0,0,1,0,0,1,0,0,0,0,0,1,1,0,0,0,0,0,0,0,0,1,material damage only
2024,2,50.0,False,51.487556,5.442289,False,1,390.887,502.0,246417.0,2800.0,0.0,11.734972677595628,7.98906300225008,15.34095949855352,32605.3,4.629253254167618,55154.1,82.14263902282224,1014.3126766985865,False,0,0,0,0,0,0,1,0,0,0,0,0,0,0,0,1,0,0,0,0,0,0,1,0,0,0,1,0,0,0,0,0,1,0,0,0,0,0,1,material damage only
2024,2,30.0,False,52.166037,6.746602,False,1,188.469,2.0,24359.0,232.0,0.0,11.734972677595628,7.98906300225008,15.34095949855352,32605.3,4.629253254167618,55154.1,82.14263902282224,1014.3126766985865,False,0,0,0,0,0,0,0,0,1,0,0,0,0,0,0,0,0,0,0,1,0,0,0,0,1,0,1,0,0,0,0,0,1,0,0,0,0,0,1,material damage only
2024,2,50.0,False,52.315929,4.871013,False,1,365.397,69.0,95014.0,2311.0,240.0,11.974043715846994,8.361748633879781,15.433606557377049,1047.1,4.898087431693989,1757.8,81.7431693989071,1014.1232240437158,True,0,0,0,0,0,0,0,1,0,0,0,0,0,0,0,1,0,0,0,0,0,0,1,0,0,0,0,1,0,0,0,0,0,0,1,0,1,0,0,material damage only