year,party_count,speed_limit_kmh,alcohol_indicated,latitude,longitude,built_up_area,cyclists_involved,km_total,bicycle_parking_count,population,population_density_km2,station_id,weather_temp_mean_c,weather_temp_min_c,weather_temp_max_c,weather_precip_mm_total,weather_wind_mean_ms,weather_sunshine_hours_total,weather_humidity_mean_pct,weather_pressure_mean_hpa,weather_desde_estacion,province_Drenthe,province_Flevoland,province_Friesland,province_Gelderland,province_Groningen,province_Limburg,province_Noord-Brabant,province_Noord-Holland,province_Overijssel,province_Utrecht,province_Zeeland,province_Zuid-Holland,accident_type_Dier,accident_type_Eenzijdig,accident_type_Flank,accident_type_Frontaal,accident_type_Geparkeerd voertuig,accident_type_Kop/staart,accident_type_Los voorwerp,accident_type_Onbekend,accident_type_Vast voorwerp,accident_type_Voetganger,weather_label_clear,weather_label_fog,weather_label_rain,weather_label_unknown,periodo_luz_dia,periodo_luz_noche,periodo_luz_otro,road_situation_Bocht,"road_situation_Kruispunt, 3 takken","road_situation_Kruispunt, 4 takken",road_situation_Rechte weg,"road_situation_Rechte weg, gescheiden rijbanen",road_situation_Rotonde,road_situation_Uitvoegstrook op (auto)snelweg,road_lighting_Brandend,road_lighting_Niet aanwezig,road_lighting_Niet brandend,severity_label
2024,2,50.0,False,52.370325,4.830819,False,1,1254.468,2166.0,931298.0,4950.0,0.0,11.734972677595628,7.98906300225008,15.34095949855352,32605.3,4.629253254167618,55154.1,82.14263902282224,1014.3126766985865,False,0,0,0,0,0,0,0,1,0,0,0,0,0,0,0,1,0,0,0,0,0,0,0,0,1,0,1,0,0,0,0,0,0,0,1,0,0,0,1,material damage only
2024,2,30.0,False,52.396966,4.627605,False,1,161.888,173.0,167636.0,5739.0,0.0,11.734972677595628,7.98906300225008,15.34095949855352,32605.3,4.629253254167618,55154.1,82.14263902282224,1014.3126766985865,False,0,0,0,0,0,0,0,1,0,0,0,0,0,0,0,0,0,0,0,1,0,0,1,0,0,0,1,0,0,0,0,0,0,0,1,0,0,0,1,material damage only
2024,2,50.0,False,51.909915,4.558858,False,1,154.935,16.0,67925.0,4803.0,0.0,11.734972677595628,7.98906300225008,15.34095949855352,32605.3,4.629253254167618,55154.1,82.14263902282224,1014.3126766985865,False,0,0,0,0,0,0,0,0,0,0,0,1,0,0,1,0,0,0,0,0,0,0,0,0,1,0,1,0,0,0,1,0,0,0,0,0,0,0,1,injury
2024,2,50.0,False,52.168097,4.511228,False,1,139.091,103.0,130108.0,5954.0,0.0,11.734972677595628,7.98906300225008,15.34095949855352,32605.3,4.629253254167618,55154.1,82.14263902282224,1014.3126766985865,False,0,0,0,0,0,0,0,0,0,0,0,1,0,0,0,1,0,0,0,0,0,0,1,0,0,0,0,0,1,0,0,0,1,0,0,0,1,0,0,injury
2023,2,30.0,False,52.277279,4.839469,False,1,365.397,69.0,95014.0,2311.0,240.0,11.980547945205478,8.338356164383562,15.410136986301369,1094.1,5.212054794520548,1896.0,80.3945205479452,1013.8057534246575,True,0,0,0,0,0,0,0,1,0,0,0,0,0,0,0,0,0,0,0,1,0,0,1,0,0,0,1,0,0,0,1,0,0,0,0,0,0,0,1,injury
2024,2,30.0,False,52.705521,4.810803,False,1,162.559,6.0,90076.0,1455.0,0.0,11.734972677595628,7.98906300225008,15.34095949855352,32605.3,4.629253254167618,55154.1,82.14263902282224,1014.3126766985865,False,0,0,0,0,0,0,0,1,0,0,0,0,0,0,1,0,0,0,0,0,0,0,1,0,0,0,1,0,0,0,0,1,0,0,0,0,0,0,1,material damage only
2024,2,30.0,False,51.93426,4.49927,False,1,1465.201,1076.0,670610.0,3070.0,0.0,11.734972677595628,7.98906300225008,15.34095949855352,32605.3,4.629253254167618,55154.1,82.14263902282224,1014.3126766985865,False,0,0,0,0,0,0,0,0,0,0,0,1,0,0,0,0,0,1,0,0,0,0,1,0,0,0,1,0,0,0,0,0,1,0,0,0,0,0,1,material damage only
2024,2,50.0,False,51.878018,4.494632,False,1,1465.201,1076.0,670610.0,3070.0,0.0,11.734972677595628,7.98906300225008,15.34095949855352,32605.3,4.629253254167618,55154.1,82.14263902282224,1014.3126766985865,False,0,0,0,0,0,0,0,0,0,0,0,1,0,0,1,0,0,0,0,0,0,0,0,0,1,0,1,0,0,0,1,0,0,0,0,0,0,0,1,injury
2024,2,50.0,False,51.709372,5.327319,False,1,314.239,91.0,160757.0,1468.0,0.0,11.734972677595628,7.98906300225008,15.34095949855352,32605.3,4.629253254167618,55154.1,82.14263902282224,1014.3126766985865,False,0,0,0,0,0,0,1,0,0,0,0,0,0,0,0,0,0,0,0,1,0,0,1,0,0,0,1,0,0,0,0,0,0,0,0,0,0,0,0,material damage only
2023,3,50.0,False,51.32706,3.836603,False,1,206.42,23.0,55132.0,220.0,319.0,12.134520547945206,8.135890410958904,15.989315068493152,882.2,4.372602739726028,1883.3,80.76164383561644,1014.513698630137,True,0,0,0,0,0,0,0,0,0,0,1,0,0,0,0,0,0,0,1,0,0,0,1,0,0,0,1,0,0,0,1,0,0,0,0,0,0,0,1,material damage only
2024,2,30.0,False,52.070295,4.321679,False,1,487.675,651.0,566221.0,6868.0,0.0,11.734972677595628,7.98906300225008,15.34095949855352,32605.3,4.629253254167618,55154.1,82.14263902282224,1014.3126766985865,False,0,0,0,0,0,0,0,0,0,0,0,1,0,0,0,0,0,1,0,0,0,0,0,0,1,0,0,1,0,0,1,0,0,0,0,0,1,0,0,injury
2024,2,50.0,False,51.910746,4.326263,False,1,230.962,82.0,76409.0,3270.0,0.0,11.734972677595628,7.98906300225008,15.34095949855352,32605.3,4.629253254167618,55154.1,82.14263902282224,1014.3126766985865,False,0,0,0,0,0,0,0,0,0,0,0,1,0,0,1,0,0,0,0,0,0,0,1,0,0,0,0,1,0,0,0,0,1,0,0,0,1,0,0,material damage only
2023,3,30.0,False,52.166009,5.403431,False,1,210.242,139.0,161852.0,2590.0,0.0,11.69078162771958,7.801498791297341,15.385850120870266,34990.1,4.902983257229832,60585.8,80.60153102336825,1013.9606392694063,False,0,0,0,0,0,0,0,0,0,1,0,0,0,0,0,0,1,0,0,0,0,0,1,0,0,0,1,0,0,0,0,1,0,0,0,0,0,0,1,material damage only
2024,2,50.0,False,51.992892,4.465987,False,1,176.532,38.0,65594.0,1231.0,0.0,11.734972677595628,7.98906300225008,15.34095949855352,32605.3,4.629253254167618,55154.1,82.14263902282224,1014.3126766985865,False,0,0,0,0,0,0,0,0,0,0,0,1,0,0,1,0,0,0,0,0,0,0,0,0,1,0,0,1,0,0,0,1,0,0,0,0,1,0,0,injury
2024,2,50.0,False,51.434908,5.430484,False,1,390.887,502.0,246417.0,2800.0,0.0,11.734972677595628,7.98906300225008,15.34095949855352,32605.3,4.629253254167618,55154.1,82.14263902282224,1014.3126766985865,False,0,0,0,0,0,0,1,0,0,0,0,0,0,0,1,0,0,0,0,0,0,0,1,0,0,0,1,0,0,0,1,0,0,0,0,0,0,0,1,injury
2024,2,50.0,False,52.629924,4.762223,False,1,167.479,24.0,112304.0,1018.0,0.0,11.734972677595628,7.98906300225008,15.34095949855352,32605.3,4.629253254167618,55154.1,82.14263902282224,1014.3126766985865,False,0,0,0,0,0,0,0,1,0,0,0,0,0,0,1,0,0,0,0,0,0,0,0,0,1,0,0,1,0,0,0,1,0,0,0,0,1,0,0,material damage only
2024,2,70.0,False,51.445052,5.502108,False,1,390.887,502.0,246417.0,2800.0,0.0,11.734972677595628,7.98906300225008,15.34095949855352,32605.3,4.629253254167618,55154.1,82.14263902282224,1014.3126766985865,False,0,0,0,0,0,0,1,0,0,0,0,0,0,0,0,0,0,1,0,0,0,0,1,0,0,0,0,1,0,0,0,0,1,0,0,0,1,0,0,injury
2024,2,50.0,False,53.135359,6.419941,False,1,243.389,28.0,31686.0,159.0,0.0,11.734972677595628,7.98906300225008,15.34095949855352,32605.3,4.629253254167618,55154.1,82.14263902282224,1014.3126766985865,False,1,0,0,0,0,0,0,0,0,0,0,0,0,0,1,0,0,0,0,0,0,0,1,0,0,0,1,0,0,0,0,0,0,0,1,0,0,0,1,material damage only
2024,2,60.0,False,53.068083,7.040626,False,1,150.503,17.0,26465.0,96.0,0.0,11.734972677595628,7.98906300225008,15.34095949855352,32605.3,4.629253254167618,55154.1,82.14263902282224,1014.3126766985865,False,0,0,0,0,1,0,0,0,0,0,0,0,0,0,0,0,0,0,0,1,0,0,0,0,1,0,1,0,0,0,0,0,1,0,0,0,0,1,0,injury
2024,2,50.0,False,52.304565,4.851874,False,1,365.397,69.0,95014.0,2311.0,240.0,11.974043715846994,8.361748633879781,15.433606557377049,1047.1,4.898087431693989,1757.8,81.7431693989071,1014.1232240437158,True,0,0,0,0,0,0,0,1,0,0,0,0,0,0,0,1,0,0,0,0,0,0,1,0,0,0,1,0,0,0,0,1,0,0,0,0,0,0,1,material damage only
2023,2,30.0,False,52.158419,5.167673,False,1,85.868,20.0,43718.0,661.0,260.0,11.790958904109589,7.64986301369863,15.640821917808218,1179.6,3.5191780821917806,1842.3,79.54794520547945,1013.9841095890412,True,0,0,0,0,0,0,0,0,0,1,0,0,0,0,1,0,0,0,0,0,0,0,1,0,0,0,0,0,1,0,0,0,1,0,0,0,0,0,1,injury
2023,2,50.0,False,52.696357,4.828831,False,1,162.559,6.0,90076.0,1455.0,0.0,11.69078162771958,7.801498791297341,15.385850120870266,34990.1,4.902983257229832,60585.8,80.60153102336825,1013.9606392694063,False,0,0,0,0,0,0,0,1,0,0,0,0,0,0,0,1,0,0,0,0,0,0,1,0,0,0,1,0,0,0,1,0,0,0,0,0,0,0,1,injury
2023,2,50.0,False,52.056314,4.311524,False,1,487.675,651.0,566221.0,6868.0,0.0,11.69078162771958,7.801498791297341,15.385850120870266,34990.1,4.902983257229832,60585.8,80.60153102336825,1013.9606392694063,False,0,0,0,0,0,0,0,0,0,0,0,1,0,0,1,0,0,0,0,0,0,0,0,0,1,0,0,1,0,0,0,1,0,0,0,0,1,0,0,material damage only
2024,2,30.0,False,53.195093,6.568778,False,1,403.704,240.0,243768.0,1314.0,0.0,11.734972677595628,7.98906300225008,15.34095949855352,32605.3,4.629253254167618,55154.1,82.14263902282224,1014.3126766985865,False,0,0,0,0,1,0,0,0,0,0,0,0,0,0,0,0,0,0,0,1,0,0,1,0,0,0,1,0,0,0,0,0,1,0,0,0,0,0,1,material damage only
2024,2,50.0,False,52.666754,4.712801,False,1,0.0,0.0,0.0,0.0,0.0,11.734972677595628,7.98906300225008,15.34095949855352,32605.3,4.629253254167618,55154.1,82.14263902282224,1014.3126766985865,False,0,0,0,0,0,0,0,1,0,0,0,0,0,0,1,0,0,0,0,0,0,0,1,0,0,0,1,0,0,0,0,0,0,0,1,0,0,0,1,material damage only
2024,2,30.0,False,52.095246,4.28128,False,1,487.675,651.0,566221.0,6868.0,0.0,11.734972677595628,7.98906300225008,15.34095949855352,32605.3,4.629253254167618,55154.1,82.14263902282224,1014.3126766985865,False,0,0,0,0,0,0,0,0,0,0,0,1,0,0,1,0,0,0,0,0,0,0,1,0,0,0,1,0,0,0,0,0,1,0,0,0,0,0,1,injury
2024,2,50.0,False,52.659992,5.066342,False,1,197.018,37.0,75645.0,3713.0,0.0,11.734972677595628,7.98906300225008,15.34095949855352,32605.3,4.629253254167618,55154.1,82.14263902282224,1014.3126766985865,False,0,0,0,0,0,0,0,1,0,0,0,0,0,0,1,0,0,0,0,0,0,0,1,0,0,0,0,1,0,0,0,0,0,0,1,0,1,0,0,material damage only
2024,2,50.0,False,51.912512,4.398802,False,1,161.475,44.0,81838.0,4596.0,344.0,12.082513661202185,8.384972677595629,15.591256830601091,993.3,4.251366120218579,1727.2,80.40437158469945,1014.3472677595628,True,0,0,0,0,0,0,0,0,0,0,0,1,0,0,0,0,0,0,0,1,0,0,0,0,1,0,1,0,0,0,0,0,0,0,1,0,0,0,1,material damage only
2024,2,50.0,False,52.092273,4.89809,False,1,177.006,20.0,53724.0,607.0,0.0,11.734972677595628,7.98906300225008,15.34095949855352,32605.3,4.629253254167618,55154.1,82.14263902282224,1014.3126766985865,False,0,0,0,0,0,0,0,0,0,1,0,0,0,0,0,0,0,0,0,1,0,0,1,0,0,0,1,0,0,0,0,0,1,0,0,0,0,1,0,material damage only
2024,1,50.0,False,52.324221,4.595994,False,1,83.897,22.0,23786.0,598.0,0.0,11.734972677595628,7.98906300225008,15.34095949855352,32605.3,4.629253254167618,55154.1,82.14263902282224,1014.3126766985865,False,0,0,0,0,0,0,0,1,0,0,0,0,0,0,0,0,0,0,0,1,0,0,1,0,0,0,0,1,0,0,0,0,1,0,0,0,1,0,0,injury
2024,1,30.0,False,51.498586,3.60862,False,1,0.0,0.0,0.0,0.0,0.0,11.734972677595628,7.98906300225008,15.34095949855352,32605.3,4.629253254167618,55154.1,82.14263902282224,1014.3126766985865,False,0,0,0,0,0,0,0,0,0,0,1,0,0,0,0,0,0,0,0,1,0,0,1,0,0,0,1,0,0,0,0,1,0,0,0,0,0,0,1,injury
2023,2,50.0,False,51.422073,5.427629,False,1,105.959,25.0,46827.0,1478.0,370.0,12.090136986301369,7.492876712328767,16.426301369863015,1190.8,3.9476712328767127,1875.5,77.3917808219178,1014.4487671232877,True,0,0,0,0,0,0,1,0,0,0,0,0,0,0,0,0,0,0,0,0,1,0,1,0,0,0,0,0,1,0,0,1,0,0,0,0,1,0,0,material damage only
2024,2,30.0,False,51.92564,4.518036,False,1,1465.201,1076.0,670610.0,3070.0,0.0,11.734972677595628,7.98906300225008,15.34095949855352,32605.3,4.629253254167618,55154.1,82.14263902282224,1014.3126766985865,False,0,0,0,0,0,0,0,0,0,0,0,1,0,0,0,0,0,0,0,1,0,0,0,0,0,1,1,0,0,0,0,0,0,0,0,0,0,0,0,injury
2024,1,50.0,False,51.550654,5.088679,False,1,312.985,136.0,229836.0,1826.0,0.0,11.734972677595628,7.98906300225008,15.34095949855352,32605.3,4.629253254167618,55154.1,82.14263902282224,1014.3126766985865,False,0,0,0,0,0,0,1,0,0,0,0,0,0,0,0,0,0,0,0,1,0,0,1,0,0,0,1,0,0,0,1,0,0,0,0,0,0,0,1,injury
2024,2,30.0,False,52.474633,4.670455,False,1,72.116,5.0,42866.0,2336.0,0.0,11.734972677595628,7.98906300225008,15.34095949855352,32605.3,4.629253254167618,55154.1,82.14263902282224,1014.3126766985865,False,0,0,0,0,0,0,0,1,0,0,0,0,0,0,0,0,0,0,0,1,0,0,1,0,0,0,0,1,0,0,0,0,1,0,0,0,1,0,0,material damage only
2023,2,50.0,False,51.426969,5.442562,False,1,390.887,502.0,246417.0,2800.0,0.0,11.69078162771958,7.801498791297341,15.385850120870266,34990.1,4.902983257229832,60585.8,80.60153102336825,1013.9606392694063,False,0,0,0,0,0,0,1,0,0,0,0,0,0,0,1,0,0,0,0,0,0,0,1,0,0,0,1,0,0,0,0,1,0,0,0,0,0,0,1,material damage only
2023,2,30.0,False,50.940731,5.884207,False,1,85.927,5.0,35896.0,458.0,0.0,11.69078162771958,7.801498791297341,15.385850120870266,34990.1,4.902983257229832,60585.8,80.60153102336825,1013.9606392694063,False,0,0,0,0,0,1,0,0,0,0,0,0,0,0,1,0,0,0,0,0,0,0,1,0,0,0,1,0,0,0,0,0,1,0,0,0,0,0,1,injury
2023,2,30.0,False,52.087974,5.059979,False,1,383.842,532.0,374238.0,3991.0,0.0,11.69078162771958,7.801498791297341,15.385850120870266,34990.1,4.902983257229832,60585.8,80.60153102336825,1013.9606392694063,False,0,0,0,0,0,0,0,0,0,1,0,0,0,0,1,0,0,0,0,0,0,0,1,0,0,0,1,0,0,0,0,1,0,0,0,0,0,0,1,injury
2023,2,50.0,False,52.383417,4.62963,False,1,161.888,173.0,167636.0,5739.0,0.0,11.69078162771958,7.801498791297341,15.385850120870266,34990.1,4.902983257229832,60585.8,80.60153102336825,1013.9606392694063,False,0,0,0,0,0,0,0,1,0,0,0,0,0,0,0,0,0,0,0,1,0,0,1,0,0,0,1,0,0,0,0,1,0,0,0,0,0,0,1,injury
2023,2,50.0,False,52.285216,5.069833,False,1,1254.468,2166.0,931298.0,4950.0,0.0,11.69078162771958,7.801498791297341,15.385850120870266,34990.1,4.902983257229832,60585.8,80.60153102336825,1013.9606392694063,False,0,0,0,0,0,0,0,1,0,0,0,0,0,0,1,0,0,0,0,0,0,0,1,0,0,0,1,0,0,0,0,0,1,0,0,0,0,0,1,material damage only
2023,2,50.0,False,52.029197,4.705248,False,1,89.605,57.0,75758.0,4592.0,0.0,11.69078162771958,7.801498791297341,15.385850120870266,34990.1,4.902983257229832,60585.8,80.60153102336825,1013.9606392694063,False,0,0,0,0,0,0,0,0,0,0,0,1,0,0,1,0,0,0,0,0,0,0,1,0,0,0,0,1,0,0,0,0,1,0,0,0,1,0,0,injury
2023,2,50.0,False,52.052199,4.291027,False,1,487.675,651.0,566221.0,6868.0,0.0,11.69078162771958,7.801498791297341,15.385850120870266,34990.1,4.902983257229832,60585.8,80.60153102336825,1013.9606392694063,False,0,0,0,0,0,0,0,0,0,0,0,1,0,0,1,0,0,0,0,0,0,0,1,0,0,0,0,1,0,0,0,0,0,0,1,0,1,0,0,injury
2024,2,50.0,False,51.802682,5.242435,False,1,56.168,19.0,30385.0,386.0,0.0,11.734972677595628,7.98906300225008,15.34095949855352,32605.3,4.629253254167618,55154.1,82.14263902282224,1014.3126766985865,False,0,0,0,1,0,0,0,0,0,0,0,0,0,0,1,0,0,0,0,0,0,0,1,0,0,0,1,0,0,0,0,0,0,0,1,0,0,0,1,material damage only
2024,2,60.0,False,51.972346,5.564139,False,1,112.251,34.0,20235.0,482.0,0.0,11.734972677595628,7.98906300225008,15.34095949855352,32605.3,4.629253254167618,55154.1,82.14263902282224,1014.3126766985865,False,0,0,0,0,0,0,0,0,0,1,0,0,0,0,1,0,0,0,0,0,0,0,1,0,0,0,1,0,0,0,1,0,0,0,0,0,0,0,1,injury
2023,2,50.0,False,51.522165,5.985121,False,1,280.649,50.0,44662.0,274.0,0.0,11.69078162771958,7.801498791297341,15.385850120870266,34990.1,4.902983257229832,60585.8,80.60153102336825,1013.9606392694063,False,0,0,0,0,0,1,0,0,0,0,0,0,0,0,0,0,0,0,0,1,0,0,1,0,0,0,1,0,0,0,0,0,0,0,1,0,0,0,1,injury
2023,2,50.0,False,52.2602,4.552754,False,1,68.706,4.0,23447.0,1494.0,0.0,11.69078162771958,7.801498791297341,15.385850120870266,34990.1,4.902983257229832,60585.8,80.60153102336825,1013.9606392694063,False,0,0,0,0,0,0,0,0,0,0,0,1,0,0,0,0,0,0,0,0,1,0,1,0,0,0,1,0,0,0,0,0,1,0,0,0,0,0,1,material damage only
2023,2,30.0,False,52.221864,6.889258,False,1,322.351,131.0,161738.0,1149.0,0.0,11.69078162771958,7.801498791297341,15.385850120870266,34990.1,4.902983257229832,60585.8,80.60153102336825,1013.9606392694063,False,0,0,0,0,0,0,0,0,1,0,0,0,0,0,1,0,0,0,0,0,0,0,1,0,0,0,1,0,0,0,1,0,0,0,0,0,0,1,0,injury
2023,2,50.0,False,52.641246,5.070301,False,1,197.018,37.0,75645.0,3713.0,0.0,11.69078162771958,7.801498791297341,15.385850120870266,34990.1,4.902983257229832,60585.8,80.60153102336825,1013.9606392694063,False,0,0,0,0,0,0,0,1,0,0,0,0,0,0,1,0,0,0,0,0,0,0,1,0,0,0,1,0,0,0,1,0,0,0,0,0,0,0,1,material damage only
2023,2,30.0,False,51.917002,4.572292,False,1,154.935,16.0,67925.0,4803.0,0.0,11.69078162771958,7.801498791297341,15.385850120870266,34990.1,4.902983257229832,60585.8,80.60153102336825,1013.9606392694063,False,0,0,0,0,0,0,0,0,0,0,0,1,0,0,0,0,0,0,0,1,0,0,0,0,1,0,1,0,0,0,0,1,0,0,0,0,0,0,1,material damage only
2023,3,50.0,False,52.69848,4.951001,False,1,34.867,0.0,12199.0,294.0,0.0,11.69078162771958,7.801498791297341,15.385850120870266,34990.1,4.902983257229832,60585.8,80.60153102336825,1013.9606392694063,False,0,0,0,0,0,0,0,1,0,0,0,0,0,0,0,0,0,0,0,1,0,0,1,0,0,0,1,0,0,0,1,0,0,0,0,0,0,0,1,material damage only
2023,2,30.0,False,52.194126,5.993899,False,1,670.883,172.0,168211.0,495.0,0.0,11.69078162771958,7.801498791297341,15.385850120870266,34990.1,4.902983257229832,60585.8,80.60153102336825,1013.9606392694063,False,0,0,0,1,0,0,0,0,0,0,0,0,0,0,1,0,0,0,0,0,0,0,1,0,0,0,1,0,0,0,1,0,0,0,0,0,0,0,1,material damage only
2024,2,50.0,False,52.361561,6.645092,False,1,251.802,48.0,74317.0,1106.0,0.0,11.734972677595628,7.98906300225008,15.34095949855352,32605.3,4.629253254167618,55154.1,82.14263902282224,1014.3126766985865,False,0,0,0,0,0,0,0,0,1,0,0,0,0,0,0,0,0,0,0,1,0,0,1,0,0,0,1,0,0,0,0,1,0,0,0,0,0,0,1,injury
2023,1,30.0,False,52.070118,4.261359,False,1,487.675,651.0,566221.0,6868.0,0.0,11.69078162771958,7.801498791297341,15.385850120870266,34990.1,4.902983257229832,60585.8,80.60153102336825,1013.9606392694063,False,0,0,0,0,0,0,0,0,0,0,0,1,0,1,0,0,0,0,0,0,0,0,1,0,0,0,0,1,0,1,0,0,0,0,0,0,1,0,0,injury
2023,3,60.0,False,52.305775,4.561048,False,1,46.204,0.0,22822.0,1775.0,0.0,11.69078162771958,7.801498791297341,15.385850120870266,34990.1,4.902983257229832,60585.8,80.60153102336825,1013.9606392694063,False,0,0,0,0,0,0,0,0,0,0,0,1,0,0,0,0,0,0,0,1,0,0,1,0,0,0,0,0,1,0,0,0,1,0,0,0,0,1,0,material damage only
2024,2,50.0,False,52.377803,4.637973,False,1,161.888,173.0,167636.0,5739.0,0.0,11.734972677595628,7.98906300225008,15.34095949855352,32605.3,4.629253254167618,55154.1,82.14263902282224,1014.3126766985865,False,0,0,0,0,0,0,0,1,0,0,0,0,0,0,0,1,0,0,0,0,0,0,1,0,0,0,1,0,0,0,0,0,1,0,0,0,0,0,1,injury
2023,3,30.0,False,52.353379,5.98164,False,1,286.532,20.0,33168.0,212.0,0.0,11.69078162771958,7.801498791297341,15.385850120870266,34990.1,4.902983257229832,60585.8,80.60153102336825,1013.9606392694063,False,0,0,0,1,0,0,0,0,0,0,0,0,0,0,0,0,1,0,0,0,0,0,1,0,0,0,1,0,0,1,0,0,0,0,0,0,0,0,1,material damage only
2023,2,30.0,False,51.945287,6.008988,False,1,97.554,5.0,24872.0,734.0,0.0,11.69078162771958,7.801498791297341,15.385850120870266,34990.1,4.902983257229832,60585.8,80.60153102336825,1013.9606392694063,False,0,0,0,1,0,0,0,0,0,0,0,0,0,0,1,0,0,0,0,0,0,0,1,0,0,0,1,0,0,0,0,1,0,0,0,0,0,0,1,material damage only
2023,2,30.0,False,52.694805,4.833915,False,1,162.559,6.0,90076.0,1455.0,0.0,11.69078162771958,7.801498791297341,15.385850120870266,34990.1,4.902983257229832,60585.8,80.60153102336825,1013.9606392694063,False,0,0,0,0,0,0,0,1,0,0,0,0,0,0,1,0,0,0,0,0,0,0,1,0,0,0,1,0,0,0,1,0,0,0,0,0,0,0,1,injury
2023,2,30.0,False,52.000278,5.974112,False,1,83.274,21.0,43661.0,534.0,0.0,11.69078162771958,7.801498791297341,15.385850120870266,34990.1,4.902983257229832,60585.8,80.60153102336825,1013.9606392694063,False,0,0,0,1,0,0,0,0,0,0,0,0,0,0,1,0,0,0,0,0,0,0,1,0,0,0,1,0,0,0,0,1,0,0,0,0,0,0,1,material damage only
2023,2,50.0,False,52.359029,4.869967,False,1,1254.468,2166.0,931298.0,4950.0,0.0,11.69078162771958,7.801498791297341,15.385850120870266,34990.1,4.902983257229832,60585.8,80.60153102336825,1013.9606392694063,False,0,0,0,0,0,0,0,1,0,0,0,0,0,0,0,1,0,0,0,0,0,0,1,0,0,0,1,0,0,0,1,0,0,0,0,0,0,0,1,material damage only
2023,2,80.0,False,52.387288,6.979158,False,1,189.181,33.0,26739.0,152.0,286.0,10.934794520547944,6.798356164383562,15.076438356164383,1039.0,4.932602739726027,1831.8,82.64657534246575,1013.9606392694063,True,0,0,0,0,0,0,0,0,1,0,0,0,0,0,0,0,0,0,0,1,0,0,1,0,0,0,1,0,0,0,0,1,0,0,0,0,0,0,1,injury
2023,2,50.0,False,51.868633,5.282552,False,1,108.5,10.0,52948.0,245.0,356.0,11.736986301369862,7.448219178082192,15.806301369863014,997.6,4.20986301369863,1908.0,81.53698630136986,1014.1208219178081,True,0,0,0,1,0,0,0,0,0,0,0,0,0,0,1,0,0,0,0,0,0,0,1,0,0,0,1,0,0,0,0,1,0,0,0,0,0,0,1,material damage only
2023,2,50.0,False,52.345612,5.625883,False,1,320.465,20.0,49387.0,1269.0,0.0,11.69078162771958,7.801498791297341,15.385850120870266,34990.1,4.902983257229832,60585.8,80.60153102336825,1013.9606392694063,False,0,0,0,1,0,0,0,0,0,0,0,0,0,0,1,0,0,0,0,0,0,0,1,0,0,0,1,0,0,0,0,0,0,0,1,0,0,0,1,material damage only
2023,2,50.0,False,52.607268,4.746121,False,1,167.479,24.0,112304.0,1018.0,0.0,11.69078162771958,7.801498791297341,15.385850120870266,34990.1,4.902983257229832,60585.8,80.60153102336825,1013.9606392694063,False,0,0,0,0,0,0,0,1,0,0,0,0,0,0,1,0,0,0,0,0,0,0,0,0,1,0,0,0,1,0,0,0,1,0,0,0,1,0,0,material damage only
2023,2,50.0,False,52.519298,4.96985,False,1,148.015,14.0,95168.0,1017.0,0.0,11.69078162771958,7.801498791297341,15.385850120870266,34990.1,4.902983257229832,60585.8,80.60153102336825,1013.9606392694063,False,0,0,0,0,0,0,0,1,0,0,0,0,0,0,1,0,0,0,0,0,0,0,1,0,0,0,1,0,0,0,1,0,0,0,0,0,0,0,1,material damage only
2023,1,50.0,False,51.496393,3.896763,False,1,101.617,13.0,39682.0,429.0,323.0,12.217260273972602,8.77068493150685,15.678082191780822,1031.1,4.856712328767124,2007.3,80.75342465753425,1014.2953424657534,True,0,0,0,0,0,0,0,0,0,0,1,0,0,1,0,0,0,0,0,0,0,0,1,0,0,0,1,0,0,0,1,0,0,0,0,0,0,0,0,injury
2023,2,30.0,False,51.560321,5.097824,False,1,312.985,136.0,229836.0,1826.0,0.0,11.69078162771958,7.801498791297341,15.385850120870266,34990.1,4.902983257229832,60585.8,80.60153102336825,1013.9606392694063,False,0,0,0,0,0,0,1,0,0,0,0,0,0,0,1,0,0,0,0,0,0,0,1,0,0,0,0,0,1,0,1,0,0,0,0,0,0,0,1,material damage only
2023,2,50.0,False,52.310234,6.902226,False,1,61.818,9.0,31794.0,1475.0,290.0,11.416986301369862,6.747671232876713,15.76986301369863,1115.6,3.829041095890411,1786.0,78.87945205479453,1014.0358904109588,True,0,0,0,0,0,0,0,0,1,0,0,0,0,0,0,0,0,0,1,0,0,0,1,0,0,0,1,0,0,0,0,1,0,0,0,0,0,0,1,material damage only
2023,2,50.0,False,51.814171,5.854345,False,1,464.437,164.0,187049.0,3542.0,0.0,11.69078162771958,7.801498791297341,15.385850120870266,34990.1,4.902983257229832,60585.8,80.60153102336825,1013.9606392694063,False,0,0,0,1,0,0,0,0,0,0,0,0,0,0,1,0,0,0,0,0,0,0,1,0,0,0,1,0,0,0,1,0,0,0,0,0,0,0,1,material damage only
2023,3,50.0,True,52.360593,4.886072,False,1,1254.468,2166.0,931298.0,4950.0,0.0,11.69078162771958,7.801498791297341,15.385850120870266,34990.1,4.902983257229832,60585.8,80.60153102336825,1013.9606392694063,False,0,0,0,0,0,0,0,1,0,0,0,0,0,0,1,0,0,0,0,0,0,0,1,0,0,0,0,1,0,0,0,1,0,0,0,0,1,0,0,material damage only