year,party_count,speed_limit_kmh,alcohol_indicated,latitude,longitude,built_up_area,cyclists_involved,km_total,bicycle_parking_count,population,population_density_km2,station_id,weather_temp_mean_c,weather_temp_min_c,weather_temp_max_c,weather_precip_mm_total,weather_wind_mean_ms,weather_sunshine_hours_total,weather_humidity_mean_pct,weather_pressure_mean_hpa,weather_desde_estacion,province_Drenthe,province_Flevoland,province_Friesland,province_Gelderland,province_Groningen,province_Limburg,province_Noord-Brabant,province_Noord-Holland,province_Overijssel,province_Utrecht,province_Zeeland,province_Zuid-Holland,accident_type_Dier,accident_type_Eenzijdig,accident_type_Flank,accident_type_Frontaal,accident_type_Geparkeerd voertuig,accident_type_Kop/staart,accident_type_Los voorwerp,accident_type_Onbekend,accident_type_Vast voorwerp,accident_type_Voetganger,weather_label_clear,weather_label_fog,weather_label_rain,weather_label_unknown,periodo_luz_dia,periodo_luz_noche,periodo_luz_otro,road_situation_Bocht,"road_situation_Kruispunt, 3 takken","road_situation_Kruispunt, 4 takken",road_situation_Rechte weg,"road_situation_Rechte weg, gescheiden rijbanen",road_situation_Rotonde,road_situation_Uitvoegstrook op (auto)snelweg,road_lighting_Brandend,road_lighting_Niet aanwezig,road_lighting_Niet brandend,severity_label
2023,2,30.0,False,51.953949,4.468339,False,1,1465.201,1076.0,670610.0,3070.0,0.0,11.69078162771958,7.801498791297341,15.385850120870266,34990.1,4.902983257229832,60585.8,80.60153102336825,1013.9606392694063,False,0,0,0,0,0,0,0,0,0,0,0,1,0,1,0,0,0,0,0,0,0,0,0,0,0,1,0,1,0,0,0,0,0,0,0,0,0,0,0,injury
2023,2,30.0,False,52.164432,4.49792,False,1,139.091,103.0,130108.0,5954.0,0.0,11.69078162771958,7.801498791297341,15.385850120870266,34990.1,4.902983257229832,60585.8,80.60153102336825,1013.9606392694063,False,0,0,0,0,0,0,0,0,0,0,0,1,0,0,1,0,0,0,0,0,0,0,1,0,0,0,1,0,0,0,0,1,0,0,0,0,0,0,1,material damage only
2023,2,50.0,False,50.852144,5.693753,False,1,168.412,173.0,125285.0,2246.0,0.0,11.69078162771958,7.801498791297341,15.385850120870266,34990.1,4.902983257229832,60585.8,80.60153102336825,1013.9606392694063,False,0,0,0,0,0,1,0,0,0,0,0,0,0,0,1,0,0,0,0,0,0,0,1,0,0,0,1,0,0,1,0,0,0,0,0,0,0,0,1,material damage only
2023,2,30.0,False,51.437388,5.397443,False,1,390.887,502.0,246417.0,2800.0,0.0,11.69078162771958,7.801498791297341,15.385850120870266,34990.1,4.902983257229832,60585.8,80.60153102336825,1013.9606392694063,False,0,0,0,0,0,0,1,0,0,0,0,0,0,0,1,0,0,0,0,0,0,0,0,0,1,0,0,1,0,0,0,1,0,0,0,0,1,0,0,material damage only
2023,3,30.0,False,52.021007,4.713071,False,1,89.605,57.0,75758.0,4592.0,0.0,11.69078162771958,7.801498791297341,15.385850120870266,34990.1,4.902983257229832,60585.8,80.60153102336825,1013.9606392694063,False,0,0,0,0,0,0,0,0,0,0,0,1,0,0,0,0,0,0,0,1,0,0,0,0,1,0,1,0,0,0,0,0,1,0,0,0,0,0,1,injury
2023,2,50.0,False,52.059044,4.392304,False,1,487.675,651.0,566221.0,6868.0,0.0,11.69078162771958,7.801498791297341,15.385850120870266,34990.1,4.902983257229832,60585.8,80.60153102336825,1013.9606392694063,False,0,0,0,0,0,0,0,0,0,0,0,1,0,0,0,0,0,0,0,1,0,0,0,0,1,0,1,0,0,0,0,1,0,0,0,0,0,0,1,injury
2023,1,50.0,False,52.074924,4.540207,False,1,214.752,17.0,114966.0,913.0,0.0,11.69078162771958,7.801498791297341,15.385850120870266,34990.1,4.902983257229832,60585.8,80.60153102336825,1013.9606392694063,False,0,0,0,0,0,0,0,0,0,0,0,1,0,1,0,0,0,0,0,0,0,0,0,0,0,1,1,0,0,0,0,0,0,0,0,0,0,0,0,injury
2023,1,50.0,False,51.917433,4.576514,False,1,154.935,16.0,67925.0,4803.0,0.0,11.69078162771958,7.801498791297341,15.385850120870266,34990.1,4.902983257229832,60585.8,80.60153102336825,1013.9606392694063,False,0,0,0,0,0,0,0,0,0,0,0,1,0,1,0,0,0,0,0,0,0,0,0,0,0,1,0,1,0,0,0,0,0,0,0,0,0,0,0,injury
2023,2,50.0,False,52.062372,4.453249,False,1,191.318,32.0,128434.0,3730.0,0.0,11.69078162771958,7.801498791297341,15.385850120870266,34990.1,4.902983257229832,60585.8,80.60153102336825,1013.9606392694063,False,0,0,0,0,0,0,0,0,0,0,0,1,0,0,0,0,0,1,0,0,0,0,1,0,0,0,1,0,0,0,0,0,1,0,0,0,0,0,1,injury
2023,1,80.0,False,51.600683,5.164329,False,1,312.985,136.0,229836.0,1826.0,0.0,11.69078162771958,7.801498791297341,15.385850120870266,34990.1,4.902983257229832,60585.8,80.60153102336825,1013.9606392694063,False,0,0,0,0,0,0,1,0,0,0,0,0,0,0,0,0,0,0,0,0,0,1,1,0,0,0,1,0,0,0,0,0,1,0,0,0,0,0,1,material damage only
2023,2,50.0,False,51.212134,5.72169,False,1,109.364,16.0,51079.0,490.0,378.5,11.967671232876715,7.64123287671233,16.137534246575342,979.0,3.9539726027397264,1865.15,78.18767123287671,1014.830410958904,True,0,0,0,0,0,1,0,0,0,0,0,0,0,0,1,0,0,0,0,0,0,0,1,0,0,0,1,0,0,0,0,1,0,0,0,0,0,0,1,material damage only
2023,3,50.0,False,52.792231,6.897883,False,1,773.499,82.0,109346.0,326.0,0.0,11.69078162771958,7.801498791297341,15.385850120870266,34990.1,4.902983257229832,60585.8,80.60153102336825,1013.9606392694063,False,1,0,0,0,0,0,0,0,0,0,0,0,0,0,0,0,0,0,0,1,0,0,1,0,0,0,1,0,0,0,0,0,1,0,0,0,0,0,1,material damage only
2023,1,80.0,False,51.994407,4.223803,False,1,207.742,54.0,115941.0,1436.0,330.0,12.28,9.316438356164383,15.279726027397261,1022.6,7.162191780821917,1978.5,78.72602739726027,1013.9767123287671,True,0,0,0,0,0,0,0,0,0,0,0,1,0,1,0,0,0,0,0,0,0,0,1,0,0,0,1,0,0,0,0,0,1,0,0,0,1,0,0,fatal
2023,2,60.0,False,52.636152,6.451264,False,1,265.549,20.0,24580.0,110.0,0.0,11.69078162771958,7.801498791297341,15.385850120870266,34990.1,4.902983257229832,60585.8,80.60153102336825,1013.9606392694063,False,1,0,0,0,0,0,0,0,0,0,0,0,0,0,0,0,0,0,0,1,0,0,1,0,0,0,0,1,0,1,0,0,0,0,0,0,0,0,1,injury
2023,2,60.0,False,51.883346,5.80961,False,1,215.072,22.0,48919.0,449.0,0.0,11.69078162771958,7.801498791297341,15.385850120870266,34990.1,4.902983257229832,60585.8,80.60153102336825,1013.9606392694063,False,0,0,0,1,0,0,0,0,0,0,0,0,0,0,0,0,0,0,0,1,0,0,0,0,0,1,1,0,0,0,0,0,0,0,0,0,0,0,0,material damage only
2023,1,50.0,False,52.509696,5.458186,False,1,656.633,41.0,84080.0,367.0,0.0,11.69078162771958,7.801498791297341,15.385850120870266,34990.1,4.902983257229832,60585.8,80.60153102336825,1013.9606392694063,False,0,1,0,0,0,0,0,0,0,0,0,0,0,0,0,0,0,0,0,1,0,0,0,0,0,1,1,0,0,0,0,0,0,0,0,0,0,0,0,material damage only
2023,2,50.0,False,51.888417,4.472353,False,1,1465.201,1076.0,670610.0,3070.0,0.0,11.69078162771958,7.801498791297341,15.385850120870266,34990.1,4.902983257229832,60585.8,80.60153102336825,1013.9606392694063,False,0,0,0,0,0,0,0,0,0,0,0,1,0,0,1,0,0,0,0,0,0,0,1,0,0,0,1,0,0,0,0,1,0,0,0,0,0,0,1,injury
2023,2,50.0,False,52.145098,6.192103,False,1,126.339,130.0,48752.0,1191.0,0.0,11.69078162771958,7.801498791297341,15.385850120870266,34990.1,4.902983257229832,60585.8,80.60153102336825,1013.9606392694063,False,0,0,0,1,0,0,0,0,0,0,0,0,0,0,0,1,0,0,0,0,0,0,1,0,0,0,1,0,0,0,1,0,0,0,0,0,0,0,1,material damage only
2023,2,30.0,False,51.982741,5.943541,False,1,335.747,67.0,167632.0,1715.0,0.0,11.69078162771958,7.801498791297341,15.385850120870266,34990.1,4.902983257229832,60585.8,80.60153102336825,1013.9606392694063,False,0,0,0,1,0,0,0,0,0,0,0,0,0,0,1,0,0,0,0,0,0,0,1,0,0,0,1,0,0,0,0,1,0,0,0,0,0,0,1,material damage only
2023,1,50.0,False,52.29505,6.552338,False,1,169.153,14.0,24931.0,264.0,0.0,11.69078162771958,7.801498791297341,15.385850120870266,34990.1,4.902983257229832,60585.8,80.60153102336825,1013.9606392694063,False,0,0,0,0,0,0,0,0,1,0,0,0,0,0,0,0,0,0,1,0,0,0,0,0,1,0,1,0,0,0,0,0,1,0,0,0,0,0,1,material damage only
2023,2,30.0,False,52.784457,4.790042,False,1,126.393,17.0,47744.0,284.0,0.0,11.69078162771958,7.801498791297341,15.385850120870266,34990.1,4.902983257229832,60585.8,80.60153102336825,1013.9606392694063,False,0,0,0,0,0,0,0,1,0,0,0,0,0,0,1,0,0,0,0,0,0,0,0,0,1,0,1,0,0,0,0,1,0,0,0,0,0,0,1,injury
2024,2,30.0,False,52.324698,4.873164,False,1,1254.468,2166.0,931298.0,4950.0,0.0,11.734972677595628,7.98906300225008,15.34095949855352,32605.3,4.629253254167618,55154.1,82.14263902282224,1014.3126766985865,False,0,0,0,0,0,0,0,1,0,0,0,0,0,0,0,1,0,0,0,0,0,0,1,0,0,0,0,1,0,0,0,0,1,0,0,0,1,0,0,material damage only
2023,2,30.0,False,52.494108,5.491369,False,1,656.633,41.0,84080.0,367.0,0.0,11.69078162771958,7.801498791297341,15.385850120870266,34990.1,4.902983257229832,60585.8,80.60153102336825,1013.9606392694063,False,0,1,0,0,0,0,0,0,0,0,0,0,0,0,1,0,0,0,0,0,0,0,1,0,0,0,1,0,0,0,0,1,0,0,0,0,0,0,1,material damage only
2024,3,50.0,False,52.997667,6.571196,False,1,277.411,139.0,69701.0,851.0,0.0,11.734972677595628,7.98906300225008,15.34095949855352,32605.3,4.629253254167618,55154.1,82.14263902282224,1014.3126766985865,False,1,0,0,0,0,0,0,0,0,0,0,0,0,0,1,0,0,0,0,0,0,0,1,0,0,0,1,0,0,0,0,0,1,0,0,0,0,1,0,material damage only
2024,1,30.0,False,52.083172,4.307936,False,1,487.675,651.0,566221.0,6868.0,0.0,11.734972677595628,7.98906300225008,15.34095949855352,32605.3,4.629253254167618,55154.1,82.14263902282224,1014.3126766985865,False,0,0,0,0,0,0,0,0,0,0,0,1,0,0,0,0,0,0,0,1,0,0,0,0,0,1,1,0,0,0,1,0,0,0,0,0,0,0,1,injury
2024,2,30.0,False,51.99458,4.34455,False,1,122.823,280.0,109577.0,4835.0,0.0,11.734972677595628,7.98906300225008,15.34095949855352,32605.3,4.629253254167618,55154.1,82.14263902282224,1014.3126766985865,False,0,0,0,0,0,0,0,0,0,0,0,1,0,0,0,0,0,0,0,1,0,0,0,0,0,1,1,0,0,0,0,0,0,0,0,0,0,0,0,injury
2024,2,50.0,False,52.269331,4.559426,False,1,68.706,4.0,23447.0,1494.0,0.0,11.734972677595628,7.98906300225008,15.34095949855352,32605.3,4.629253254167618,55154.1,82.14263902282224,1014.3126766985865,False,0,0,0,0,0,0,0,0,0,0,0,1,0,0,0,0,0,0,0,0,0,1,1,0,0,0,1,0,0,0,0,0,0,0,1,0,0,0,1,material damage only
2024,2,50.0,False,53.159556,6.614255,False,1,403.704,240.0,243768.0,1314.0,0.0,11.734972677595628,7.98906300225008,15.34095949855352,32605.3,4.629253254167618,55154.1,82.14263902282224,1014.3126766985865,False,0,0,0,0,1,0,0,0,0,0,0,0,0,0,1,0,0,0,0,0,0,0,1,0,0,0,1,0,0,0,0,1,0,0,0,0,0,0,1,injury
2024,3,50.0,False,51.661062,5.627001,False,1,428.439,55.0,59222.0,431.0,375.0,11.78032786885246,7.506010928961748,15.845081967213115,906.5,3.5890710382513658,1706.6,82.19398907103825,1014.7117486338798,True,0,0,0,0,0,0,1,0,0,0,0,0,0,0,1,0,0,0,0,0,0,0,0,0,0,1,0,1,0,0,0,0,0,0,1,0,0,0,0,injury
2024,2,30.0,False,50.849247,5.666214,False,1,168.412,173.0,125285.0,2246.0,0.0,11.734972677595628,7.98906300225008,15.34095949855352,32605.3,4.629253254167618,55154.1,82.14263902282224,1014.3126766985865,False,0,0,0,0,0,1,0,0,0,0,0,0,0,0,0,0,0,0,0,1,0,0,1,0,0,0,1,0,0,1,0,0,0,0,0,0,0,0,1,material damage only
2024,2,50.0,False,51.471711,4.655134,False,1,90.724,2.0,22553.0,187.0,0.0,11.734972677595628,7.98906300225008,15.34095949855352,32605.3,4.629253254167618,55154.1,82.14263902282224,1014.3126766985865,False,0,0,0,0,0,0,1,0,0,0,0,0,0,0,0,1,0,0,0,0,0,0,1,0,0,0,0,1,0,0,1,0,0,0,0,0,1,0,0,material damage only
2024,2,30.0,False,52.391959,4.913602,False,1,1254.468,2166.0,931298.0,4950.0,0.0,11.734972677595628,7.98906300225008,15.34095949855352,32605.3,4.629253254167618,55154.1,82.14263902282224,1014.3126766985865,False,0,0,0,0,0,0,0,1,0,0,0,0,0,0,0,1,0,0,0,0,0,0,0,0,1,0,1,0,0,0,0,0,1,0,0,0,0,0,1,material damage only
2024,2,50.0,False,52.121149,4.305615,False,1,487.675,651.0,566221.0,6868.0,0.0,11.734972677595628,7.98906300225008,15.34095949855352,32605.3,4.629253254167618,55154.1,82.14263902282224,1014.3126766985865,False,0,0,0,0,0,0,0,0,0,0,0,1,0,0,0,0,0,0,0,1,0,0,1,0,0,0,1,0,0,0,0,0,1,0,0,0,0,0,1,injury
2024,1,30.0,False,52.260083,5.223592,False,1,0.0,0.0,0.0,0.0,0.0,11.734972677595628,7.98906300225008,15.34095949855352,32605.3,4.629253254167618,55154.1,82.14263902282224,1014.3126766985865,False,0,0,0,0,0,0,0,1,0,0,0,0,0,0,0,0,0,0,0,1,0,0,1,0,0,0,1,0,0,0,0,1,0,0,0,0,0,0,1,material damage only
2024,1,30.0,False,51.992239,5.103648,False,1,106.0,58.0,61669.0,422.0,0.0,11.734972677595628,7.98906300225008,15.34095949855352,32605.3,4.629253254167618,55154.1,82.14263902282224,1014.3126766985865,False,0,0,0,0,0,0,0,0,0,1,0,0,0,1,0,0,0,0,0,0,0,0,1,0,0,0,1,0,0,1,0,0,0,0,0,0,0,0,1,injury
2024,2,50.0,False,52.50342,6.260979,False,1,239.87,4.0,29683.0,180.0,269.0,11.671584699453552,7.712841530054645,15.430601092896175,956.5,4.241803278688525,1748.8,81.54098360655738,1014.0715846994536,True,0,0,0,0,0,0,0,0,1,0,0,0,0,0,0,0,0,0,0,0,0,1,1,0,0,0,1,0,0,0,0,0,1,0,0,0,0,0,1,injury
2024,2,50.0,False,52.243739,5.367892,False,1,127.653,3.0,22619.0,744.0,0.0,11.734972677595628,7.98906300225008,15.34095949855352,32605.3,4.629253254167618,55154.1,82.14263902282224,1014.3126766985865,False,0,0,0,0,0,0,0,0,0,1,0,0,0,0,1,0,0,0,0,0,0,0,1,0,0,0,1,0,0,0,0,0,0,0,1,0,0,0,1,material damage only
2024,2,80.0,False,51.825538,5.737733,False,1,194.98,16.0,41545.0,629.0,0.0,11.734972677595628,7.98906300225008,15.34095949855352,32605.3,4.629253254167618,55154.1,82.14263902282224,1014.3126766985865,False,0,0,0,1,0,0,0,0,0,0,0,0,0,0,1,0,0,0,0,0,0,0,1,0,0,0,1,0,0,0,1,0,0,0,0,0,0,0,1,injury
2024,1,50.0,False,52.178807,4.453463,False,1,35.942,6.0,25948.0,3557.0,0.0,11.734972677595628,7.98906300225008,15.34095949855352,32605.3,4.629253254167618,55154.1,82.14263902282224,1014.3126766985865,False,0,0,0,0,0,0,0,0,0,0,0,1,0,0,1,0,0,0,0,0,0,0,0,0,1,0,1,0,0,0,0,0,1,0,0,0,0,0,1,injury
2024,2,50.0,False,52.058785,4.30662,False,1,487.675,651.0,566221.0,6868.0,0.0,11.734972677595628,7.98906300225008,15.34095949855352,32605.3,4.629253254167618,55154.1,82.14263902282224,1014.3126766985865,False,0,0,0,0,0,0,0,0,0,0,0,1,0,0,1,0,0,0,0,0,0,0,1,0,0,0,1,0,0,0,0,0,0,0,1,0,0,0,1,injury
2024,2,30.0,False,52.142488,4.506321,False,1,139.091,103.0,130108.0,5954.0,0.0,11.734972677595628,7.98906300225008,15.34095949855352,32605.3,4.629253254167618,55154.1,82.14263902282224,1014.3126766985865,False,0,0,0,0,0,0,0,0,0,0,0,1,0,0,0,1,0,0,0,0,0,0,1,0,0,0,1,0,0,0,0,0,1,0,0,0,0,0,1,material damage only
2024,2,30.0,False,52.176846,5.915389,False,1,670.883,172.0,168211.0,495.0,0.0,11.734972677595628,7.98906300225008,15.34095949855352,32605.3,4.629253254167618,55154.1,82.14263902282224,1014.3126766985865,False,0,0,0,1,0,0,0,0,0,0,0,0,0,0,0,1,0,0,0,0,0,0,1,0,0,0,1,0,0,0,0,0,1,0,0,0,0,0,1,material damage only
2024,2,30.0,False,51.921068,4.471239,False,1,1465.201,1076.0,670610.0,3070.0,0.0,11.734972677595628,7.98906300225008,15.34095949855352,32605.3,4.629253254167618,55154.1,82.14263902282224,1014.3126766985865,False,0,0,0,0,0,0,0,0,0,0,0,1,0,0,0,1,0,0,0,0,0,0,1,0,0,0,1,0,0,0,0,1,0,0,0,0,0,0,1,material damage only
2024,2,30.0,False,52.018289,4.707173,False,1,89.605,57.0,75758.0,4592.0,0.0,11.734972677595628,7.98906300225008,15.34095949855352,32605.3,4.629253254167618,55154.1,82.14263902282224,1014.3126766985865,False,0,0,0,0,0,0,0,0,0,0,0,1,0,0,0,1,0,0,0,0,0,0,1,0,0,0,0,1,0,1,0,0,0,0,0,0,1,0,0,material damage only
2022,2,30.0,False,52.510173,5.455001,False,1,656.633,41.0,84080.0,367.0,0.0,11.579567811643283,7.061761148294492,15.7217384292856,24005.5,4.521670480549199,70887.0,77.74770198355104,1016.9445955210238,False,0,1,0,0,0,0,0,0,0,0,0,0,0,0,0,1,0,0,0,0,0,0,1,0,0,0,1,0,0,0,0,0,1,0,0,0,0,0,1,material damage only
2022,1,60.0,False,51.983217,4.75537,False,1,167.74,30.0,57785.0,390.0,0.0,11.579567811643283,7.061761148294492,15.7217384292856,24005.5,4.521670480549199,70887.0,77.74770198355104,1016.9445955210238,False,0,0,0,0,0,0,0,0,0,0,0,1,0,1,0,0,0,0,0,0,0,0,0,0,0,1,1,0,0,0,0,0,0,0,0,0,0,0,0,injury
2022,2,50.0,False,52.066964,4.329657,False,1,487.675,651.0,566221.0,6868.0,0.0,11.579567811643283,7.061761148294492,15.7217384292856,24005.5,4.521670480549199,70887.0,77.74770198355104,1016.9445955210238,False,0,0,0,0,0,0,0,0,0,0,0,1,0,0,0,1,0,0,0,0,0,0,0,0,1,0,0,1,0,0,0,0,1,0,0,0,0,0,1,injury
2022,3,50.0,False,51.945304,4.474295,False,1,1465.201,1076.0,670610.0,3070.0,0.0,11.579567811643283,7.061761148294492,15.7217384292856,24005.5,4.521670480549199,70887.0,77.74770198355104,1016.9445955210238,False,0,0,0,0,0,0,0,0,0,0,0,1,0,0,0,0,0,0,0,1,0,0,1,0,0,0,1,0,0,0,0,1,0,0,0,0,0,0,1,material damage only
2022,1,50.0,False,52.103377,4.318038,False,1,487.675,651.0,566221.0,6868.0,0.0,11.579567811643283,7.061761148294492,15.7217384292856,24005.5,4.521670480549199,70887.0,77.74770198355104,1016.9445955210238,False,0,0,0,0,0,0,0,0,0,0,0,1,0,1,0,0,0,0,0,0,0,0,0,0,0,1,1,0,0,0,0,0,0,0,0,0,0,0,0,injury
2022,2,80.0,False,50.790727,5.984399,False,1,23.814,29.0,10121.0,424.0,0.0,11.579567811643283,7.061761148294492,15.7217384292856,24005.5,4.521670480549199,70887.0,77.74770198355104,1016.9445955210238,False,0,0,0,0,0,1,0,0,0,0,0,0,0,0,1,0,0,0,0,0,0,0,1,0,0,0,1,0,0,0,0,0,1,0,0,0,0,0,1,material damage only
2022,2,30.0,False,51.920925,4.453988,False,1,1465.201,1076.0,670610.0,3070.0,0.0,11.579567811643283,7.061761148294492,15.7217384292856,24005.5,4.521670480549199,70887.0,77.74770198355104,1016.9445955210238,False,0,0,0,0,0,0,0,0,0,0,0,1,0,0,0,0,0,1,0,0,0,0,1,0,0,0,1,0,0,0,0,0,1,0,0,0,0,0,1,injury
2022,2,30.0,False,52.352976,4.796281,False,1,1254.468,2166.0,931298.0,4950.0,0.0,11.579567811643283,7.061761148294492,15.7217384292856,24005.5,4.521670480549199,70887.0,77.74770198355104,1016.9445955210238,False,0,0,0,0,0,0,0,1,0,0,0,0,0,0,1,0,0,0,0,0,0,0,1,0,0,0,1,0,0,0,0,1,0,0,0,0,0,0,1,material damage only
2022,2,50.0,False,52.354658,4.855424,False,1,1254.468,2166.0,931298.0,4950.0,0.0,11.579567811643283,7.061761148294492,15.7217384292856,24005.5,4.521670480549199,70887.0,77.74770198355104,1016.9445955210238,False,0,0,0,0,0,0,0,1,0,0,0,0,0,0,1,0,0,0,0,0,0,0,1,0,0,0,1,0,0,0,0,0,1,0,0,0,0,0,1,material damage only
2022,2,30.0,False,52.127697,4.582693,False,1,214.752,17.0,114966.0,913.0,0.0,11.579567811643283,7.061761148294492,15.7217384292856,24005.5,4.521670480549199,70887.0,77.74770198355104,1016.9445955210238,False,0,0,0,0,0,0,0,0,0,0,0,1,0,0,1,0,0,0,0,0,0,0,1,0,0,0,1,0,0,0,0,0,0,0,1,0,0,0,1,injury
2022,2,50.0,False,52.125924,4.65285,False,1,214.752,17.0,114966.0,913.0,0.0,11.579567811643283,7.061761148294492,15.7217384292856,24005.5,4.521670480549199,70887.0,77.74770198355104,1016.9445955210238,False,0,0,0,0,0,0,0,0,0,0,0,1,0,0,1,0,0,0,0,0,0,0,0,0,0,1,1,0,0,0,0,0,0,0,1,0,0,0,0,material damage only
2022,2,30.0,False,51.737776,4.435163,False,1,333.256,203.0,90256.0,336.0,0.0,11.579567811643283,7.061761148294492,15.7217384292856,24005.5,4.521670480549199,70887.0,77.74770198355104,1016.9445955210238,False,0,0,0,0,0,0,0,0,0,0,0,1,0,0,0,0,0,0,0,1,0,0,1,0,0,0,1,0,0,0,0,0,1,0,0,0,0,0,1,material damage only
2022,2,50.0,False,52.616519,4.742333,False,1,167.479,24.0,112304.0,1018.0,0.0,11.579567811643283,7.061761148294492,15.7217384292856,24005.5,4.521670480549199,70887.0,77.74770198355104,1016.9445955210238,False,0,0,0,0,0,0,0,1,0,0,0,0,0,0,0,0,0,0,0,0,1,0,0,0,0,1,1,0,0,0,0,1,0,0,0,0,0,0,1,injury
2022,1,80.0,False,52.49223,4.602407,False,1,72.116,5.0,42866.0,2336.0,0.0,11.579567811643283,7.061761148294492,15.7217384292856,24005.5,4.521670480549199,70887.0,77.74770198355104,1016.9445955210238,False,0,0,0,0,0,0,0,1,0,0,0,0,0,1,0,0,0,0,0,0,0,0,1,0,0,0,1,0,0,1,0,0,0,0,0,0,0,1,0,injury
2022,1,30.0,False,52.015384,4.699787,False,1,89.605,57.0,75758.0,4592.0,0.0,11.579567811643283,7.061761148294492,15.7217384292856,24005.5,4.521670480549199,70887.0,77.74770198355104,1016.9445955210238,False,0,0,0,0,0,0,0,0,0,0,0,1,0,1,0,0,0,0,0,0,0,0,1,0,0,0,1,0,0,0,0,0,1,0,0,0,1,0,0,injury
2022,1,15.0,False,52.040096,4.651023,False,1,62.232,71.0,34000.0,1225.0,0.0,11.579567811643283,7.061761148294492,15.7217384292856,24005.5,4.521670480549199,70887.0,77.74770198355104,1016.9445955210238,False,0,0,0,0,0,0,0,0,0,0,0,1,0,1,0,0,0,0,0,0,0,0,1,0,0,0,1,0,0,0,0,0,1,0,0,0,0,0,1,injury
2022,2,50.0,False,53.18965,7.058316,False,1,150.003,12.0,39405.0,174.0,0.0,11.579567811643283,7.061761148294492,15.7217384292856,24005.5,4.521670480549199,70887.0,77.74770198355104,1016.9445955210238,False,0,0,0,0,1,0,0,0,0,0,0,0,0,0,1,0,0,0,0,0,0,0,1,0,0,0,1,0,0,0,0,0,1,0,0,0,0,0,1,injury
2022,2,30.0,False,52.264743,6.789181,False,1,0.0,0.0,0.0,0.0,0.0,11.579567811643283,7.061761148294492,15.7217384292856,24005.5,4.521670480549199,70887.0,77.74770198355104,1016.9445955210238,False,0,0,0,0,0,0,0,0,1,0,0,0,0,0,0,0,0,0,0,1,0,0,1,0,0,0,1,0,0,0,0,0,0,0,0,0,0,0,1,injury
2022,2,50.0,False,52.095442,4.410043,False,1,89.657,590.0,78229.0,2399.0,0.0,11.579567811643283,7.061761148294492,15.7217384292856,24005.5,4.521670480549199,70887.0,77.74770198355104,1016.9445955210238,False,0,0,0,0,0,0,0,0,0,0,0,1,0,0,0,1,0,0,0,0,0,0,1,0,0,0,1,0,0,0,0,0,1,0,0,0,0,0,1,injury
2022,2,50.0,False,52.359313,4.837466,False,1,1254.468,2166.0,931298.0,4950.0,0.0,11.579567811643283,7.061761148294492,15.7217384292856,24005.5,4.521670480549199,70887.0,77.74770198355104,1016.9445955210238,False,0,0,0,0,0,0,0,1,0,0,0,0,0,0,0,1,0,0,0,0,0,0,1,0,0,0,1,0,0,0,0,0,0,0,1,0,0,0,1,injury
2022,1,60.0,False,53.077204,4.748887,False,1,190.243,62.0,13815.0,85.0,0.0,11.579567811643283,7.061761148294492,15.7217384292856,24005.5,4.521670480549199,70887.0,77.74770198355104,1016.9445955210238,False,0,0,0,0,0,0,0,1,0,0,0,0,0,1,0,0,0,0,0,0,0,0,1,0,0,0,1,0,0,0,0,0,1,0,0,0,0,1,0,injury
2022,2,50.0,False,52.390934,4.884293,False,1,1254.468,2166.0,931298.0,4950.0,0.0,11.579567811643283,7.061761148294492,15.7217384292856,24005.5,4.521670480549199,70887.0,77.74770198355104,1016.9445955210238,False,0,0,0,0,0,0,0,1,0,0,0,0,0,0,0,1,0,0,0,0,0,0,1,0,0,0,1,0,0,0,0,0,1,0,0,0,0,0,1,injury
2022,2,50.0,False,51.194559,5.724074,False,1,109.364,16.0,51079.0,490.0,378.5,11.91191780821918,6.783150684931508,16.75027397260274,616.1,3.4846575342465753,2171.15,74.39726027397259,1017.5920547945204,True,0,0,0,0,0,1,0,0,0,0,0,0,0,0,0,0,0,0,0,1,0,0,1,0,0,0,1,0,0,0,0,0,1,0,0,0,0,0,1,material damage only
2022,2,50.0,False,52.026891,4.701275,False,1,89.605,57.0,75758.0,4592.0,0.0,11.579567811643283,7.061761148294492,15.7217384292856,24005.5,4.521670480549199,70887.0,77.74770198355104,1016.9445955210238,False,0,0,0,0,0,0,0,0,0,0,0,1,0,0,0,0,0,0,0,1,0,0,0,0,0,1,1,0,0,0,1,0,0,0,0,0,0,0,1,injury
2022,2,50.0,False,51.764154,5.528322,False,1,450.248,100.0,94634.0,584.0,0.0,11.579567811643283,7.061761148294492,15.7217384292856,24005.5,4.521670480549199,70887.0,77.74770198355104,1016.9445955210238,False,0,0,0,0,0,0,1,0,0,0,0,0,0,0,1,0,0,0,0,0,0,0,1,0,0,0,0,0,1,0,0,0,1,0,0,0,1,0,0,material damage only
2022,2,50.0,False,52.167089,6.061395,False,1,670.883,172.0,168211.0,495.0,0.0,11.579567811643283,7.061761148294492,15.7217384292856,24005.5,4.521670480549199,70887.0,77.74770198355104,1016.9445955210238,False,0,0,0,1,0,0,0,0,0,0,0,0,0,0,1,0,0,0,0,0,0,0,1,0,0,0,1,0,0,0,1,0,0,0,0,0,0,0,1,injury