year,party_count,speed_limit_kmh,alcohol_indicated,latitude,longitude,built_up_area,cyclists_involved,km_total,bicycle_parking_count,population,population_density_km2,station_id,weather_temp_mean_c,weather_temp_min_c,weather_temp_max_c,weather_precip_mm_total,weather_wind_mean_ms,weather_sunshine_hours_total,weather_humidity_mean_pct,weather_pressure_mean_hpa,weather_desde_estacion,province_Drenthe,province_Flevoland,province_Friesland,province_Gelderland,province_Groningen,province_Limburg,province_Noord-Brabant,province_Noord-Holland,province_Overijssel,province_Utrecht,province_Zeeland,province_Zuid-Holland,accident_type_Dier,accident_type_Eenzijdig,accident_type_Flank,accident_type_Frontaal,accident_type_Geparkeerd voertuig,accident_type_Kop/staart,accident_type_Los voorwerp,accident_type_Onbekend,accident_type_Vast voorwerp,accident_type_Voetganger,weather_label_clear,weather_label_fog,weather_label_rain,weather_label_unknown,periodo_luz_dia,periodo_luz_noche,periodo_luz_otro,road_situation_Bocht,"road_situation_Kruispunt, 3 takken","road_situation_Kruispunt, 4 takken",road_situation_Rechte weg,"road_situation_Rechte weg, gescheiden rijbanen",road_situation_Rotonde,road_situation_Uitvoegstrook op (auto)snelweg,road_lighting_Brandend,road_lighting_Niet aanwezig,road_lighting_Niet brandend,severity_label
2022,2,50.0,False,51.575719,5.959866,False,1,901.519,17.0,91722.0,269.0,0.0,11.579567811643283,7.061761148294492,15.7217384292856,24005.5,4.521670480549199,70887.0,77.74770198355104,1016.9445955210238,False,0,0,0,0,0,0,1,0,0,0,0,0,0,0,1,0,0,0,0,0,0,0,1,0,0,0,1,0,0,0,1,0,0,0,0,0,0,0,1,injury
2022,2,50.0,False,52.044291,5.659376,False,1,605.638,166.0,123532.0,388.0,0.0,11.579567811643283,7.061761148294492,15.7217384292856,24005.5,4.521670480549199,70887.0,77.74770198355104,1016.9445955210238,False,0,0,0,1,0,0,0,0,0,0,0,0,0,0,1,0,0,0,0,0,0,0,1,0,0,0,0,1,0,0,0,0,1,0,0,0,1,0,0,material damage only
2022,1,50.0,False,53.191689,5.780687,False,1,288.349,34.0,128810.0,542.0,270.0,10.94082191780822,6.760547945205479,14.70082191780822,764.7,4.621095890410959,2178.2,80.36986301369863,1016.4002739726027,True,0,0,1,0,0,0,0,0,0,0,0,0,0,1,0,0,0,0,0,0,0,0,1,0,0,0,1,0,0,0,0,0,1,0,0,0,0,0,1,injury
2022,2,50.0,False,51.985291,5.785724,False,1,94.408,13.0,31419.0,684.0,0.0,11.579567811643283,7.061761148294492,15.7217384292856,24005.5,4.521670480549199,70887.0,77.74770198355104,1016.9445955210238,False,0,0,0,1,0,0,0,0,0,0,0,0,0,0,0,0,0,0,0,0,0,1,1,0,0,0,1,0,0,0,0,0,1,0,0,0,0,0,1,injury
2022,2,30.0,False,51.578236,4.743054,False,1,288.765,205.0,188078.0,1496.0,0.0,11.579567811643283,7.061761148294492,15.7217384292856,24005.5,4.521670480549199,70887.0,77.74770198355104,1016.9445955210238,False,0,0,0,0,0,0,1,0,0,0,0,0,0,0,1,0,0,0,0,0,0,0,1,0,0,0,1,0,0,0,0,1,0,0,0,0,0,0,1,injury
2022,2,50.0,False,52.652802,4.758775,False,1,167.479,24.0,112304.0,1018.0,0.0,11.579567811643283,7.061761148294492,15.7217384292856,24005.5,4.521670480549199,70887.0,77.74770198355104,1016.9445955210238,False,0,0,0,0,0,0,0,1,0,0,0,0,0,0,0,0,0,0,0,1,0,0,1,0,0,0,1,0,0,0,0,0,1,0,0,0,0,0,1,injury
2022,2,50.0,False,52.510518,4.686831,False,1,51.418,14.0,39452.0,1447.0,0.0,11.579567811643283,7.061761148294492,15.7217384292856,24005.5,4.521670480549199,70887.0,77.74770198355104,1016.9445955210238,False,0,0,0,0,0,0,0,1,0,0,0,0,0,0,1,0,0,0,0,0,0,0,1,0,0,0,1,0,0,0,0,0,0,0,1,0,0,0,1,injury
2022,2,50.0,False,51.495108,4.294468,False,1,246.818,14.0,69694.0,872.0,0.0,11.579567811643283,7.061761148294492,15.7217384292856,24005.5,4.521670480549199,70887.0,77.74770198355104,1016.9445955210238,False,0,0,0,0,0,0,1,0,0,0,0,0,0,0,1,0,0,0,0,0,0,0,1,0,0,0,1,0,0,0,0,0,1,0,0,0,0,0,1,material damage only
2022,1,50.0,False,51.901551,4.495934,False,1,1465.201,1076.0,670610.0,3070.0,0.0,11.579567811643283,7.061761148294492,15.7217384292856,24005.5,4.521670480549199,70887.0,77.74770198355104,1016.9445955210238,False,0,0,0,0,0,0,0,0,0,0,0,1,0,1,0,0,0,0,0,0,0,0,0,0,0,1,1,0,0,0,0,0,0,0,0,0,0,0,0,injury
2022,1,50.0,False,51.687496,5.075575,False,1,103.532,5.0,50302.0,779.0,0.0,11.579567811643283,7.061761148294492,15.7217384292856,24005.5,4.521670480549199,70887.0,77.74770198355104,1016.9445955210238,False,0,0,0,0,0,0,1,0,0,0,0,0,0,1,0,0,0,0,0,0,0,0,1,0,0,0,1,0,0,0,0,1,0,0,0,0,0,0,1,material damage only
2022,1,50.0,False,52.231047,5.989869,False,1,670.883,172.0,168211.0,495.0,0.0,11.579567811643283,7.061761148294492,15.7217384292856,24005.5,4.521670480549199,70887.0,77.74770198355104,1016.9445955210238,False,0,0,0,1,0,0,0,0,0,0,0,0,0,1,0,0,0,0,0,0,0,0,1,0,0,0,1,0,0,0,0,0,1,0,0,0,0,0,1,injury
2022,1,50.0,False,52.168813,4.443441,False,1,74.638,36.0,66966.0,2700.0,0.0,11.579567811643283,7.061761148294492,15.7217384292856,24005.5,4.521670480549199,70887.0,77.74770198355104,1016.9445955210238,False,0,0,0,0,0,0,0,0,0,0,0,1,0,1,0,0,0,0,0,0,0,0,1,0,0,0,1,0,0,0,0,0,0,0,1,0,0,0,1,injury
2022,2,30.0,False,51.774549,4.677269,False,1,396.235,112.0,122070.0,1574.0,0.0,11.579567811643283,7.061761148294492,15.7217384292856,24005.5,4.521670480549199,70887.0,77.74770198355104,1016.9445955210238,False,0,0,0,0,0,0,0,0,0,0,0,1,0,0,0,0,1,0,0,0,0,0,1,0,0,0,1,0,0,1,0,0,0,0,0,0,0,0,1,material damage only
2022,2,80.0,False,51.846148,4.993329,False,1,73.781,19.0,38671.0,2066.0,0.0,11.579567811643283,7.061761148294492,15.7217384292856,24005.5,4.521670480549199,70887.0,77.74770198355104,1016.9445955210238,False,0,0,0,0,0,0,0,0,0,0,0,1,0,0,0,0,0,1,0,0,0,0,1,0,0,0,1,0,0,0,0,0,1,0,0,0,0,0,1,injury
2022,2,80.0,False,52.880786,5.833322,False,1,169.116,24.0,51929.0,148.0,0.0,11.579567811643283,7.061761148294492,15.7217384292856,24005.5,4.521670480549199,70887.0,77.74770198355104,1016.9445955210238,False,0,0,1,0,0,0,0,0,0,0,0,0,0,0,1,0,0,0,0,0,0,0,1,0,0,0,1,0,0,0,0,1,0,0,0,0,0,0,1,injury
2022,1,30.0,False,53.033109,5.665622,False,1,293.613,30.0,90421.0,173.0,267.0,11.178356164383562,7.437260273972602,14.46027397260274,701.6,5.458082191780822,2329.4,81.89315068493151,1016.9445955210238,True,0,0,1,0,0,0,0,0,0,0,0,0,0,1,0,0,0,0,0,0,0,0,0,0,0,1,1,0,0,0,0,0,0,0,0,0,0,0,0,injury
2022,1,30.0,False,52.225394,6.882582,False,1,322.351,131.0,161738.0,1149.0,0.0,11.579567811643283,7.061761148294492,15.7217384292856,24005.5,4.521670480549199,70887.0,77.74770198355104,1016.9445955210238,False,0,0,0,0,0,0,0,0,1,0,0,0,0,1,0,0,0,0,0,0,0,0,1,0,0,0,1,0,0,0,0,1,0,0,0,0,0,0,1,injury
2022,2,60.0,False,52.380573,5.743496,False,1,252.308,20.0,29072.0,226.0,0.0,11.579567811643283,7.061761148294492,15.7217384292856,24005.5,4.521670480549199,70887.0,77.74770198355104,1016.9445955210238,False,0,0,0,1,0,0,0,0,0,0,0,0,0,0,1,0,0,0,0,0,0,0,1,0,0,0,1,0,0,1,0,0,0,0,0,0,0,0,1,injury
2022,2,30.0,False,52.482181,5.50413,False,1,656.633,41.0,84080.0,367.0,0.0,11.579567811643283,7.061761148294492,15.7217384292856,24005.5,4.521670480549199,70887.0,77.74770198355104,1016.9445955210238,False,0,1,0,0,0,0,0,0,0,0,0,0,0,0,0,0,0,0,0,1,0,0,1,0,0,0,1,0,0,0,0,0,1,0,0,0,0,0,1,material damage only
2022,2,50.0,False,52.269485,4.542047,False,1,68.706,4.0,23447.0,1494.0,0.0,11.579567811643283,7.061761148294492,15.7217384292856,24005.5,4.521670480549199,70887.0,77.74770198355104,1016.9445955210238,False,0,0,0,0,0,0,0,0,0,0,0,1,0,0,1,0,0,0,0,0,0,0,1,0,0,0,1,0,0,0,1,0,0,0,0,0,0,0,1,injury
2022,2,60.0,False,53.174184,6.715828,False,1,200.625,22.0,61433.0,221.0,0.0,11.579567811643283,7.061761148294492,15.7217384292856,24005.5,4.521670480549199,70887.0,77.74770198355104,1016.9445955210238,False,0,0,0,0,1,0,0,0,0,0,0,0,0,0,1,0,0,0,0,0,0,0,1,0,0,0,1,0,0,0,0,1,0,0,0,0,0,0,1,injury
2022,2,50.0,False,52.051811,4.261016,False,1,487.675,651.0,566221.0,6868.0,0.0,11.579567811643283,7.061761148294492,15.7217384292856,24005.5,4.521670480549199,70887.0,77.74770198355104,1016.9445955210238,False,0,0,0,0,0,0,0,0,0,0,0,1,0,0,1,0,0,0,0,0,0,0,1,0,0,0,1,0,0,0,1,0,0,0,0,0,0,0,1,injury
2022,2,50.0,False,53.188512,5.826878,False,1,288.349,34.0,128810.0,542.0,270.0,10.94082191780822,6.760547945205479,14.70082191780822,764.7,4.621095890410959,2178.2,80.36986301369863,1016.4002739726027,True,0,0,1,0,0,0,0,0,0,0,0,0,0,0,1,0,0,0,0,0,0,0,1,0,0,0,1,0,0,0,1,0,0,0,0,0,0,0,1,injury
2022,1,80.0,False,52.246027,6.148691,False,1,257.258,21.0,25377.0,206.0,0.0,11.579567811643283,7.061761148294492,15.7217384292856,24005.5,4.521670480549199,70887.0,77.74770198355104,1016.9445955210238,False,0,0,0,1,0,0,0,0,0,0,0,0,0,1,0,0,0,0,0,0,0,0,1,0,0,0,1,0,0,0,0,0,1,0,0,0,0,0,1,injury
2022,2,30.0,False,51.90227,4.164832,False,1,285.665,84.0,74304.0,610.0,0.0,11.579567811643283,7.061761148294492,15.7217384292856,24005.5,4.521670480549199,70887.0,77.74770198355104,1016.9445955210238,False,0,0,0,0,0,0,0,0,0,0,0,1,0,0,1,0,0,0,0,0,0,0,1,0,0,0,1,0,0,0,0,1,0,0,0,0,0,0,1,material damage only
2022,2,30.0,False,52.22992,6.921334,False,1,322.351,131.0,161738.0,1149.0,0.0,11.579567811643283,7.061761148294492,15.7217384292856,24005.5,4.521670480549199,70887.0,77.74770198355104,1016.9445955210238,False,0,0,0,0,0,0,0,0,1,0,0,0,0,0,1,0,0,0,0,0,0,0,1,0,0,0,1,0,0,0,0,0,1,0,0,0,0,0,1,material damage only
2022,2,50.0,False,52.355858,4.785414,False,1,1254.468,2166.0,931298.0,4950.0,0.0,11.579567811643283,7.061761148294492,15.7217384292856,24005.5,4.521670480549199,70887.0,77.74770198355104,1016.9445955210238,False,0,0,0,0,0,0,0,1,0,0,0,0,0,0,1,0,0,0,0,0,0,0,1,0,0,0,1,0,0,0,1,0,0,0,0,0,0,0,1,injury
2022,2,50.0,False,51.923878,5.570631,False,1,108.679,0.0,25708.0,429.0,0.0,11.579567811643283,7.061761148294492,15.7217384292856,24005.5,4.521670480549199,70887.0,77.74770198355104,1016.9445955210238,False,0,0,0,1,0,0,0,0,0,0,0,0,0,0,1,0,0,0,0,0,0,0,1,0,0,0,1,0,0,0,0,0,1,0,0,0,0,0,1,material damage only
2022,2,50.0,False,51.874508,4.523525,False,1,1465.201,1076.0,670610.0,3070.0,0.0,11.579567811643283,7.061761148294492,15.7217384292856,24005.5,4.521670480549199,70887.0,77.74770198355104,1016.9445955210238,False,0,0,0,0,0,0,0,0,0,0,0,1,0,0,0,0,0,0,0,1,0,0,1,0,0,0,1,0,0,0,0,1,0,0,0,0,0,0,1,material damage only
2022,2,50.0,False,52.145673,4.655035,False,1,214.752,17.0,114966.0,913.0,0.0,11.579567811643283,7.061761148294492,15.7217384292856,24005.5,4.521670480549199,70887.0,77.74770198355104,1016.9445955210238,False,0,0,0,0,0,0,0,0,0,0,0,1,0,0,1,0,0,0,0,0,0,0,1,0,0,0,1,0,0,0,0,0,0,0,1,0,0,0,1,injury
2022,2,60.0,False,51.637653,5.628426,False,1,428.439,55.0,59222.0,431.0,375.0,11.844931506849314,6.681917808219178,16.532054794520548,664.2,3.4550684931506845,2203.2,74.82191780821918,1017.2567123287672,True,0,0,0,0,0,0,1,0,0,0,0,0,0,0,0,0,0,1,0,0,0,0,0,0,1,0,1,0,0,0,0,0,1,0,0,0,0,0,1,material damage only
2022,2,50.0,False,50.86553,5.901357,False,1,33.701,1.0,12375.0,393.0,0.0,11.579567811643283,7.061761148294492,15.7217384292856,24005.5,4.521670480549199,70887.0,77.74770198355104,1016.9445955210238,False,0,0,0,0,0,1,0,0,0,0,0,0,0,0,0,0,0,0,0,1,0,0,1,0,0,0,1,0,0,0,0,0,1,0,0,0,0,0,1,material damage only
2022,2,50.0,False,52.073421,4.318572,False,1,487.675,651.0,566221.0,6868.0,0.0,11.579567811643283,7.061761148294492,15.7217384292856,24005.5,4.521670480549199,70887.0,77.74770198355104,1016.9445955210238,False,0,0,0,0,0,0,0,0,0,0,0,1,0,0,0,0,0,0,0,1,0,0,1,0,0,0,1,0,0,0,0,1,0,0,0,0,0,0,1,injury
2022,2,30.0,False,52.321906,6.914353,False,1,61.818,9.0,31794.0,1475.0,290.0,11.39584487534626,5.808864265927978,16.178947368421053,624.8,3.5473684210526315,2145.9,75.2770083102493,1016.9398891966758,True,0,0,0,0,0,0,0,0,1,0,0,0,0,0,1,0,0,0,0,0,0,0,1,0,0,0,1,0,0,0,0,0,1,0,0,0,0,0,1,material damage only
2022,2,50.0,False,52.064332,4.330416,False,1,487.675,651.0,566221.0,6868.0,0.0,11.579567811643283,7.061761148294492,15.7217384292856,24005.5,4.521670480549199,70887.0,77.74770198355104,1016.9445955210238,False,0,0,0,0,0,0,0,0,0,0,0,1,0,0,1,0,0,0,0,0,0,0,1,0,0,0,0,1,0,0,0,0,1,0,0,0,1,0,0,material damage only
2022,2,50.0,False,52.373978,4.884036,False,1,1254.468,2166.0,931298.0,4950.0,0.0,11.579567811643283,7.061761148294492,15.7217384292856,24005.5,4.521670480549199,70887.0,77.74770198355104,1016.9445955210238,False,0,0,0,0,0,0,0,1,0,0,0,0,0,0,1,0,0,0,0,0,0,0,1,0,0,0,1,0,0,0,0,0,1,0,0,0,0,0,1,material damage only
2022,3,50.0,False,52.22621,5.175076,False,1,455.686,62.0,94435.0,2070.0,0.0,11.579567811643283,7.061761148294492,15.7217384292856,24005.5,4.521670480549199,70887.0,77.74770198355104,1016.9445955210238,False,0,0,0,0,0,0,0,1,0,0,0,0,0,0,1,0,0,0,0,0,0,0,1,0,0,0,1,0,0,1,0,0,0,0,0,0,0,0,1,material damage only
2022,2,30.0,False,52.209044,5.021318,False,1,160.747,18.0,65878.0,686.0,0.0,11.579567811643283,7.061761148294492,15.7217384292856,24005.5,4.521670480549199,70887.0,77.74770198355104,1016.9445955210238,False,0,0,0,0,0,0,0,0,0,1,0,0,0,0,1,0,0,0,0,0,0,0,1,0,0,0,1,0,0,0,1,0,0,0,0,0,0,0,1,material damage only
2022,1,30.0,False,52.078932,4.507316,False,1,191.318,32.0,128434.0,3730.0,0.0,11.579567811643283,7.061761148294492,15.7217384292856,24005.5,4.521670480549199,70887.0,77.74770198355104,1016.9445955210238,False,0,0,0,0,0,0,0,0,0,0,0,1,0,1,0,0,0,0,0,0,0,0,1,0,0,0,0,1,0,0,0,0,1,0,0,0,1,0,0,injury
2022,2,50.0,False,51.911774,4.463266,False,1,1465.201,1076.0,670610.0,3070.0,0.0,11.579567811643283,7.061761148294492,15.7217384292856,24005.5,4.521670480549199,70887.0,77.74770198355104,1016.9445955210238,False,0,0,0,0,0,0,0,0,0,0,0,1,0,0,1,0,0,0,0,0,0,0,1,0,0,0,1,0,0,0,0,1,0,0,0,0,0,0,1,injury
2022,2,30.0,False,50.858618,5.734738,False,1,168.412,173.0,125285.0,2246.0,0.0,11.579567811643283,7.061761148294492,15.7217384292856,24005.5,4.521670480549199,70887.0,77.74770198355104,1016.9445955210238,False,0,0,0,0,0,1,0,0,0,0,0,0,0,0,1,0,0,0,0,0,0,0,1,0,0,0,1,0,0,0,1,0,0,0,0,0,0,0,1,injury
2022,2,50.0,False,52.500861,5.062979,False,1,67.017,5.0,36917.0,680.0,0.0,11.579567811643283,7.061761148294492,15.7217384292856,24005.5,4.521670480549199,70887.0,77.74770198355104,1016.9445955210238,False,0,0,0,0,0,0,0,1,0,0,0,0,0,0,1,0,0,0,0,0,0,0,1,0,0,0,1,0,0,0,1,0,0,0,0,0,0,0,1,injury
2022,2,50.0,False,52.5336,4.711875,False,1,21.351,7.0,13400.0,700.0,0.0,11.579567811643283,7.061761148294492,15.7217384292856,24005.5,4.521670480549199,70887.0,77.74770198355104,1016.9445955210238,False,0,0,0,0,0,0,0,1,0,0,0,0,0,0,0,0,0,0,0,0,1,0,1,0,0,0,1,0,0,0,0,0,1,0,0,0,0,0,1,material damage only
2022,2,30.0,False,52.253793,4.765383,False,1,140.406,6.0,33279.0,1656.0,0.0,11.579567811643283,7.061761148294492,15.7217384292856,24005.5,4.521670480549199,70887.0,77.74770198355104,1016.9445955210238,False,0,0,0,0,0,0,0,1,0,0,0,0,0,0,1,0,0,0,0,0,0,0,1,0,0,0,1,0,0,0,0,0,1,0,0,0,0,1,0,material damage only
2022,2,50.0,False,52.134561,4.653013,False,1,214.752,17.0,114966.0,913.0,0.0,11.579567811643283,7.061761148294492,15.7217384292856,24005.5,4.521670480549199,70887.0,77.74770198355104,1016.9445955210238,False,0,0,0,0,0,0,0,0,0,0,0,1,0,0,0,1,0,0,0,0,0,0,1,0,0,0,1,0,0,0,0,0,1,0,0,0,0,0,1,material damage only
2022,3,30.0,False,52.00797,4.365725,False,1,122.823,280.0,109577.0,4835.0,0.0,11.579567811643283,7.061761148294492,15.7217384292856,24005.5,4.521670480549199,70887.0,77.74770198355104,1016.9445955210238,False,0,0,0,0,0,0,0,0,0,0,0,1,0,1,0,0,0,0,0,0,0,0,1,0,0,0,1,0,0,1,0,0,0,0,0,0,0,0,1,injury
2022,3,50.0,False,52.220031,5.96011,False,1,670.883,172.0,168211.0,495.0,0.0,11.579567811643283,7.061761148294492,15.7217384292856,24005.5,4.521670480549199,70887.0,77.74770198355104,1016.9445955210238,False,0,0,0,1,0,0,0,0,0,0,0,0,0,0,1,0,0,0,0,0,0,0,1,0,0,0,1,0,0,0,0,1,0,0,0,0,0,0,1,injury
2022,2,50.0,False,52.042986,4.293014,False,1,487.675,651.0,566221.0,6868.0,0.0,11.579567811643283,7.061761148294492,15.7217384292856,24005.5,4.521670480549199,70887.0,77.74770198355104,1016.9445955210238,False,0,0,0,0,0,0,0,0,0,0,0,1,0,0,1,0,0,0,0,0,0,0,1,0,0,0,1,0,0,0,0,1,0,0,0,0,0,0,1,injury
2022,2,70.0,False,50.857967,6.05867,False,1,57.348,5.0,45311.0,2068.0,0.0,11.579567811643283,7.061761148294492,15.7217384292856,24005.5,4.521670480549199,70887.0,77.74770198355104,1016.9445955210238,False,0,0,0,0,0,1,0,0,0,0,0,0,0,0,0,0,0,0,0,1,0,0,0,0,0,1,1,0,0,0,0,0,0,0,0,0,0,0,0,material damage only
2022,2,50.0,False,52.315595,4.645817,False,1,656.629,480.0,163128.0,827.0,0.0,11.579567811643283,7.061761148294492,15.7217384292856,24005.5,4.521670480549199,70887.0,77.74770198355104,1016.9445955210238,False,0,0,0,0,0,0,0,1,0,0,0,0,0,0,1,0,0,0,0,0,0,0,0,0,1,0,1,0,0,0,0,0,1,0,0,0,0,0,1,material damage only
2022,2,30.0,False,52.350359,4.914176,False,1,1254.468,2166.0,931298.0,4950.0,0.0,11.579567811643283,7.061761148294492,15.7217384292856,24005.5,4.521670480549199,70887.0,77.74770198355104,1016.9445955210238,False,0,0,0,0,0,0,0,1,0,0,0,0,0,0,1,0,0,0,0,0,0,0,1,0,0,0,0,0,1,0,0,0,1,0,0,0,1,0,0,material damage only
2022,1,50.0,False,52.001704,4.206863,False,1,207.742,54.0,115941.0,1436.0,330.0,12.290684931506851,9.042191780821918,15.58958904109589,744.4,6.65041095890411,2333.5,75.23561643835616,1016.9654794520549,True,0,0,0,0,0,0,0,0,0,0,0,1,0,1,0,0,0,0,0,0,0,0,1,0,0,0,1,0,0,0,0,0,0,0,1,0,0,0,1,injury
2022,3,50.0,False,52.092235,4.28024,False,1,487.675,651.0,566221.0,6868.0,0.0,11.579567811643283,7.061761148294492,15.7217384292856,24005.5,4.521670480549199,70887.0,77.74770198355104,1016.9445955210238,False,0,0,0,0,0,0,0,0,0,0,0,1,0,0,0,0,0,0,0,1,0,0,1,0,0,0,1,0,0,0,0,0,1,0,0,0,0,0,1,material damage only
2022,2,50.0,False,52.25183,6.164271,False,1,456.34,194.0,103405.0,792.0,0.0,11.579567811643283,7.061761148294492,15.7217384292856,24005.5,4.521670480549199,70887.0,77.74770198355104,1016.9445955210238,False,0,0,0,0,0,0,0,0,1,0,0,0,0,0,0,0,0,0,0,1,0,0,1,0,0,0,1,0,0,0,0,0,0,0,1,0,0,0,1,material damage only
2022,2,50.0,False,51.882245,4.504046,False,1,1465.201,1076.0,670610.0,3070.0,0.0,11.579567811643283,7.061761148294492,15.7217384292856,24005.5,4.521670480549199,70887.0,77.74770198355104,1016.9445955210238,False,0,0,0,0,0,0,0,0,0,0,0,1,0,0,0,0,0,0,0,1,0,0,1,0,0,0,1,0,0,0,0,0,1,0,0,0,0,0,1,injury
2022,2,60.0,True,52.380849,4.69971,False,1,656.629,480.0,163128.0,827.0,0.0,11.579567811643283,7.061761148294492,15.7217384292856,24005.5,4.521670480549199,70887.0,77.74770198355104,1016.9445955210238,False,0,0,0,0,0,0,0,1,0,0,0,0,0,0,1,0,0,0,0,0,0,0,1,0,0,0,1,0,0,0,0,0,1,0,0,0,0,0,1,injury
2022,2,50.0,False,51.914061,4.485691,False,1,1465.201,1076.0,670610.0,3070.0,0.0,11.579567811643283,7.061761148294492,15.7217384292856,24005.5,4.521670480549199,70887.0,77.74770198355104,1016.9445955210238,False,0,0,0,0,0,0,0,0,0,0,0,1,0,0,0,1,0,0,0,0,0,0,1,0,0,0,1,0,0,0,0,0,1,0,0,0,0,0,1,injury
2022,2,30.0,False,51.827421,4.686682,False,1,99.088,12.0,32178.0,3418.0,0.0,11.579567811643283,7.061761148294492,15.7217384292856,24005.5,4.521670480549199,70887.0,77.74770198355104,1016.9445955210238,False,0,0,0,0,0,0,0,0,0,0,0,1,0,0,0,1,0,0,0,0,0,0,1,0,0,0,1,0,0,0,0,0,1,0,0,0,0,0,1,material damage only
2022,2,50.0,False,53.219411,6.555829,False,1,403.704,240.0,243768.0,1314.0,0.0,11.579567811643283,7.061761148294492,15.7217384292856,24005.5,4.521670480549199,70887.0,77.74770198355104,1016.9445955210238,False,0,0,0,0,1,0,0,0,0,0,0,0,0,0,1,0,0,0,0,0,0,0,0,0,1,0,1,0,0,0,1,0,0,0,0,0,0,0,1,injury
2022,2,50.0,False,52.355012,4.905844,False,1,1254.468,2166.0,931298.0,4950.0,0.0,11.579567811643283,7.061761148294492,15.7217384292856,24005.5,4.521670480549199,70887.0,77.74770198355104,1016.9445955210238,False,0,0,0,0,0,0,0,1,0,0,0,0,0,0,1,0,0,0,0,0,0,0,1,0,0,0,1,0,0,0,0,1,0,0,0,0,0,0,1,material damage only
2022,2,50.0,False,52.71121,5.750121,False,1,298.639,7.0,50035.0,109.0,273.0,11.243835616438357,6.893424657534246,15.272054794520548,690.3,3.8624657534246576,2171.8,79.64383561643835,1016.9445955210238,True,0,1,0,0,0,0,0,0,0,0,0,0,0,0,0,1,0,0,0,0,0,0,0,0,1,0,1,0,0,0,0,0,0,0,1,0,0,0,1,material damage only
2022,2,50.0,False,52.151278,5.400081,False,1,210.242,139.0,161852.0,2590.0,0.0,11.579567811643283,7.061761148294492,15.7217384292856,24005.5,4.521670480549199,70887.0,77.74770198355104,1016.9445955210238,False,0,0,0,0,0,0,0,0,0,1,0,0,0,0,1,0,0,0,0,0,0,0,1,0,0,0,1,0,0,0,0,1,0,0,0,0,0,0,1,injury
2022,2,50.0,False,52.379205,4.650489,False,1,161.888,173.0,167636.0,5739.0,0.0,11.579567811643283,7.061761148294492,15.7217384292856,24005.5,4.521670480549199,70887.0,77.74770198355104,1016.9445955210238,False,0,0,0,0,0,0,0,1,0,0,0,0,0,0,1,0,0,0,0,0,0,0,1,0,0,0,0,1,0,0,0,1,0,0,0,0,1,0,0,material damage only
2022,3,50.0,False,51.48945,3.605826,False,1,0.0,0.0,0.0,0.0,0.0,11.579567811643283,7.061761148294492,15.7217384292856,24005.5,4.521670480549199,70887.0,77.74770198355104,1016.9445955210238,False,0,0,0,0,0,0,0,0,0,0,1,0,0,0,0,0,0,1,0,0,0,0,1,0,0,0,1,0,0,0,0,0,1,0,0,0,0,0,1,injury
2022,2,50.0,False,52.386618,4.665346,False,1,161.888,173.0,167636.0,5739.0,0.0,11.579567811643283,7.061761148294492,15.7217384292856,24005.5,4.521670480549199,70887.0,77.74770198355104,1016.9445955210238,False,0,0,0,0,0,0,0,1,0,0,0,0,0,0,1,0,0,0,0,0,0,0,1,0,0,0,0,1,0,0,1,0,0,0,0,0,1,0,0,material damage only
2022,2,60.0,False,51.923646,5.163826,False,1,61.855,3.0,29944.0,1023.0,0.0,11.579567811643283,7.061761148294492,15.7217384292856,24005.5,4.521670480549199,70887.0,77.74770198355104,1016.9445955210238,False,0,0,0,1,0,0,0,0,0,0,0,0,0,0,1,0,0,0,0,0,0,0,0,0,0,1,1,0,0,0,0,1,0,0,0,0,0,0,1,material damage only
2022,2,30.0,False,51.463555,5.525467,False,1,78.48,8.0,24231.0,720.0,0.0,11.579567811643283,7.061761148294492,15.7217384292856,24005.5,4.521670480549199,70887.0,77.74770198355104,1016.9445955210238,False,0,0,0,0,0,0,1,0,0,0,0,0,0,0,0,0,0,0,0,0,1,0,1,0,0,0,0,1,0,1,0,0,0,0,0,0,1,0,0,injury
2022,2,50.0,False,52.943705,4.747162,False,1,125.843,60.0,56432.0,1251.0,235.0,11.635616438356164,8.28054794520548,14.723287671232876,757.6,5.224931506849315,2402.8,78.30684931506849,1016.3887671232877,True,0,0,0,0,0,0,0,1,0,0,0,0,0,0,0,0,0,0,0,1,0,0,1,0,0,0,1,0,0,0,0,0,0,0,1,0,0,0,1,injury
2022,2,50.0,False,52.945999,5.927534,False,1,162.545,29.0,51787.0,273.0,0.0,11.579567811643283,7.061761148294492,15.7217384292856,24005.5,4.521670480549199,70887.0,77.74770198355104,1016.9445955210238,False,0,0,1,0,0,0,0,0,0,0,0,0,0,0,0,1,0,0,0,0,0,0,1,0,0,0,1,0,0,0,0,0,1,0,0,0,0,1,0,injury
2022,2,50.0,False,52.196988,6.888957,False,1,322.351,131.0,161738.0,1149.0,0.0,11.579567811643283,7.061761148294492,15.7217384292856,24005.5,4.521670480549199,70887.0,77.74770198355104,1016.9445955210238,False,0,0,0,0,0,0,0,0,1,0,0,0,0,0,1,0,0,0,0,0,0,0,1,0,0,0,1,0,0,0,1,0,0,0,0,0,0,0,1,material damage only